{
	"class" : {
		"classLabel" : "12/9/2018 20:41:24",
		"exportClass:on:" : "12/9/2018 20:41:24",
		"extensionLabel" : "12/9/2018 20:41:24",
		"fileOut:on:" : "12/9/2018 20:41:24",
		"on:" : "12/9/2018 20:41:24",
		"readerClass" : "12/9/2018 20:41:24",
		"sourceCodeOf:" : "12/9/2018 20:41:24",
		"squeakChangestamp" : "tobe 11/30/2020 09:04",
		"traitLabel" : "12/9/2018 20:41:24" },
	"instance" : {
		"classNameFor:parent:" : "12/9/2018 20:41:24",
		"commentOf:" : "12/9/2018 20:41:24",
		"createDefaultOrganizationFrom:" : "12/9/2018 20:41:24",
		"currentPackageProperties" : "tobe 12/2/2020 15:15",
		"directoryReference" : "12/9/2018 20:41:24",
		"directoryReference:" : "12/9/2018 20:41:24",
		"exportClass:on:" : "jr 12/13/2018 00:00",
		"fileNameFor:" : "12/9/2018 20:41:24",
		"fileUtils" : "12/9/2018 20:41:24",
		"isClass:" : "12/9/2018 20:41:24",
		"isTrait:" : "12/9/2018 20:41:24",
		"methodDefinitionOf:" : "tobe 11/30/2020 09:09",
		"newLine" : "jr 12/9/2018 19:43",
		"obtainPackageDir:" : "12/9/2018 20:41:24",
		"packageDir" : "12/9/2018 20:41:24",
		"packageName:" : "jr 3/16/2019 23:19",
		"packageOf:" : "jr 12/13/2018 00:00",
		"selectorIsComplete:in:" : "12/9/2018 20:41:24",
		"shouldWriteChangestamp:" : "tobe 11/30/2020 09:13",
		"skipComment:" : "12/9/2018 20:41:24",
		"skipSeparators:" : "12/9/2018 20:41:24",
		"snapshot:" : "12/9/2018 20:41:24",
		"splitMethodSource:into:" : "jr 12/9/2018 19:43",
		"toSTON:" : "12/9/2018 20:41:24",
		"typeClassDefinitionOf:" : "tobe 12/2/2020 15:16",
		"typeDefinitionOf:" : "12/9/2018 20:41:24",
		"typeOf:" : "12/9/2018 20:41:24",
		"typeTraitDefinitionOf:" : "12/9/2018 20:41:24",
		"writeClass:" : "12/9/2018 20:41:24",
		"writeClass:on:" : "12/9/2018 20:41:24",
		"writeClassDefinition:on:" : "jr 12/9/2018 19:43",
		"writeClassSideMethodDefinitions:on:" : "12/9/2018 20:41:24",
		"writeExtensionMethods:className:" : "TonelWriterTest 12/12/2018 22:56",
		"writeInstanceSideMethodDefinitions:on:" : "12/9/2018 20:41:24",
		"writeMethodDefinition:on:" : "12/9/2018 20:41:24",
		"writeMethodDefinition:parent:on:" : "jr 12/9/2018 19:43",
		"writeMethodExtensions" : "12/9/2018 20:41:24",
		"writePackage:" : "tobe 11/30/2020 09:11",
		"writeSnapshot:" : "12/9/2018 20:41:24",
		"writeVersion:" : "jr 3/16/2019 22:58" } }
