{
	"class" : {
		 },
	"instance" : {
		"setUpRepositoryContents" : "dkh 09/03/2014 13:11",
		"tearDownPackageList" : "dkh 09/03/2014 13:12",
		"tearDownRepositories" : "topa 9/20/2017 11:04",
		"testConfigurationConflict1" : "dkh 09/25/2015 15:20",
		"testConfigurationConflict10" : "dkh 09/25/2015 15:20",
		"testConfigurationConflict11" : "dkh 09/25/2015 15:20",
		"testConfigurationConflict2" : "dkh 09/25/2015 15:20",
		"testConfigurationConflict3" : "dkh 09/25/2015 15:21",
		"testConfigurationConflict4" : "dkh 09/25/2015 15:21",
		"testConfigurationConflict5" : "dkh 09/25/2015 15:21",
		"testConfigurationConflict6" : "dkh 09/25/2015 15:21",
		"testConfigurationConflict6WithLock1" : "dkh 09/25/2015 15:21",
		"testConfigurationConflict6WithLock2" : "dkh 09/25/2015 15:22",
		"testConfigurationConflict6WithLock3" : "dkh 09/25/2015 15:22",
		"testConfigurationConflict7" : "dkh 09/25/2015 15:22",
		"testConfigurationConflict7A" : "dkh 09/25/2015 15:22",
		"testConfigurationConflict7B" : "dkh 09/25/2015 15:22",
		"testConfigurationConflict8" : "dkh 09/25/2015 15:22",
		"testConfigurationConflict9" : "dkh 09/29/2015 18:36",
		"testConfigurationConflictIssue261" : "dkh 10/10/2014 14:31",
		"testConflict1" : "dkh 09/25/2015 15:23",
		"testConflict1A" : "dkh 09/25/2015 15:23",
		"testConflict1B" : "dkh 09/25/2015 15:23",
		"testConflict2" : "dkh 09/25/2015 15:23",
		"testConflict2A" : "dkh 09/25/2015 15:23",
		"testConflict2B" : "dkh 09/25/2015 15:23",
		"testFileTreeLoadConfigurationVersion" : "dkh 09/25/2015 15:23",
		"testFileTreeLoadConfigurationVersions" : "dkh 09/25/2015 15:24",
		"testFileTreeLoadConfigurationVersionsNotification1" : "dkh 09/25/2015 15:24",
		"testFileTreeLoadConfigurationVersionsNotification3" : "dkh 09/29/2015 18:35",
		"testFileTreeLoadIssue261" : "dkh 09/25/2015 15:24",
		"testUpgrade1" : "dkh 09/25/2015 15:24",
		"testUpgrade2" : "dkh 09/25/2015 15:24",
		"testUpgrade2A" : "dkh 09/25/2015 16:21",
		"testUpgrade2B" : "dkh 09/25/2015 16:21" } }
