{
	"class" : {
		 },
	"instance" : {
		"baseline10:" : "dkh 7/23/2013 14:08",
		"project" : "dkh 7/23/2013 08:14",
		"structural10A:" : "dkh 7/23/2013 14:11",
		"structural10B:" : "dkh 7/23/2013 14:17",
		"testCurrentVersion" : "dkh 7/23/2013 11:50",
		"testLatestVersion" : "dkh 06/12/2014 06:05",
		"testOrderedVersions" : "dkh 06/12/2014 06:06",
		"version089:" : "dkh 06/12/2014 08:13",
		"version091:" : "dkh 06/12/2014 06:14",
		"version09:" : "dkh 7/23/2013 11:47",
		"version10:" : "dkh 7/23/2013 14:58" } }
