{
	"class" : {
		 },
	"instance" : {
		"alternateRepository" : "dkh 6/12/2012 15:41:23.319",
		"configurationRepository" : "dkh 6/12/2012 15:41:23.319",
		"defaultTimeout" : "dkh 6/12/2012 15:41:23.319",
		"doSilently" : "dkh 6/12/2012 15:41:23.319",
		"hasPackage:" : "dkh 6/12/2012 15:41:23.319",
		"loadType" : "dkh 6/12/2012 15:41:23.319",
		"monticelloRepository" : "dkh 6/12/2012 15:41:23.319",
		"project" : "dkh 6/12/2012 15:41:23.319",
		"projectWith:" : "dkh 6/12/2012 15:41:23.319",
		"runCase" : "ChristopheDemarey 4/29/2013 16:22",
		"setUp" : "dkh 07/06/2016 14:57",
		"tearDown" : "topa 9/20/2017 11:03",
		"tearDownPackages:" : "dkh 6/12/2012 15:41:23.319",
		"tempRepositories" : "dkh 6/12/2012 15:41:23.319" } }
