{
	"instance" : {
		"latestVersionMatching:excludedBlessings:" : " 9/28/2017 08:54:38",
		"loader" : " 9/28/2017 08:54:38",
		"excludeFromLatestVersion" : " 9/28/2017 08:54:38",
		"configurationOfProjectSpecClass" : " 9/28/2017 08:54:38",
		"symbolicVersionSymbols" : " 9/28/2017 08:54:38",
		"printOn:" : " 9/28/2017 08:54:38",
		"projectAttributes:" : " 9/28/2017 08:54:38",
		"defaultLoaderClass" : " 9/28/2017 08:54:38",
		"latestVersion" : " 9/28/2017 08:54:38",
		"configuration:" : " 9/28/2017 08:54:38",
		"lastVersion" : " 9/28/2017 08:54:38",
		"loadType:" : " 9/28/2017 08:54:38",
		"symbolicVersionMap:" : " 9/28/2017 08:54:38",
		"latestVersionMatching:includedBlessings:excludedBlessings:" : " 9/28/2017 08:54:38",
		"sortedAndFilteredVersions" : " 9/28/2017 08:54:38",
		"latestVersionMatching:" : " 9/28/2017 08:54:38",
		"map:" : " 9/28/2017 08:54:38",
		"loaderClass" : " 9/28/2017 08:54:38",
		"project" : " 9/28/2017 08:54:38",
		"defaultBlessing" : " 9/28/2017 08:54:38",
		"projectReferenceSpec" : " 9/28/2017 08:54:38",
		"projectReferenceSpecClass" : " 9/28/2017 08:54:38",
		"projectSpec" : " 9/28/2017 08:54:38",
		"latestVersion:" : " 9/28/2017 08:54:38",
		"valueHolderSpec" : " 9/28/2017 08:54:38",
		"versionNumberClass:" : " 9/28/2017 08:54:38",
		"versions" : " 9/28/2017 08:54:38",
		"lookupVersion:ifAbsent:" : " 9/28/2017 08:54:38",
		"errorMap:" : " 9/28/2017 08:54:38",
		"packagesSpecClass" : " 9/28/2017 08:54:38",
		"projectForScriptEngine:" : " 9/28/2017 08:54:38",
		"projectSpecClass" : " 9/28/2017 08:54:38",
		"baselineOfProjectSpec" : " 9/28/2017 08:54:38",
		"currentVersionAgainst:" : " 9/28/2017 08:54:38",
		"loadType" : " 9/28/2017 08:54:38",
		"baselineOfProjectSpecClass" : " 9/28/2017 08:54:38",
		"projectForScriptEngine:unconditionalLoad:" : " 9/28/2017 08:54:38",
		"symbolicVersionMap" : " 9/28/2017 08:54:38",
		"configurationOfProjectSpec" : " 9/28/2017 08:54:38",
		"groupSpecClass" : " 9/28/2017 08:54:38",
		"errorMap" : " 9/28/2017 08:54:38",
		"projectAttributes" : " 9/28/2017 08:54:38",
		"hasVersion:" : " 9/28/2017 08:54:38",
		"defaultPlatformAttributes" : " 9/28/2017 08:54:38",
		"label" : " 9/28/2017 08:54:38",
		"versionNumberClass" : " 9/28/2017 08:54:38",
		"valueHolderSpecClass" : " 9/28/2017 08:54:38",
		"development" : " 9/28/2017 08:54:38",
		"bleedingEdge" : " 9/28/2017 08:54:38",
		"map" : " 9/28/2017 08:54:38",
		"attributes" : " 9/28/2017 08:54:38",
		"stableVersion" : " 9/28/2017 08:54:38",
		"versionSpec" : " 9/28/2017 08:54:38",
		"currentVersion" : " 9/28/2017 08:54:38",
		"platformAttributes" : " 9/28/2017 08:54:38",
		"projectPlatformAttributes" : " 9/28/2017 08:54:38",
		"pragmaKeywords" : " 9/28/2017 08:54:38",
		"load:" : " 9/28/2017 08:54:38",
		"latestVersionMatching:includedBlessings:" : " 9/28/2017 08:54:38",
		"version:ifAbsent:" : " 9/28/2017 08:54:38",
		"loaderClass:" : " 9/28/2017 08:54:38",
		"loader:" : " 9/28/2017 08:54:38",
		"versionSpecClass" : " 9/28/2017 08:54:38",
		"configuration" : " 9/28/2017 08:54:38",
		"packagesSpec" : " 9/28/2017 08:54:38",
		"baselineOfVersionSpecClass" : " 9/28/2017 08:54:38",
		"version:" : " 9/28/2017 08:54:38",
		"groupSpec" : " 9/28/2017 08:54:38"
	},
	"class" : {
		"new" : " 9/28/2017 08:54:38",
		"on:" : " 9/28/2017 08:54:38",
		"versionConstructorClass" : " 9/28/2017 08:54:38"
	}
}