{
	"class" : {
		"buildPathFrom:" : "12/9/2018 20:41:24",
		"current" : "12/9/2018 20:41:24",
		"default" : "12/9/2018 20:41:24",
		"deleteAll:" : "12/9/2018 20:41:24",
		"directoryExists:" : "12/9/2018 20:41:24",
		"directoryFromPath:" : "12/9/2018 20:41:24",
		"directoryFromPath:relativeTo:" : "12/9/2018 20:41:24",
		"directoryName:" : "12/9/2018 20:41:24",
		"directoryPathString:" : "12/9/2018 20:41:24",
		"ensureDirectoryExists:" : "12/9/2018 20:41:24",
		"ensureFilePathExists:relativeTo:" : "12/9/2018 20:41:24",
		"fileName:" : "12/9/2018 20:41:24",
		"filePathExists:relativeTo:" : "12/9/2018 20:41:24",
		"install" : "12/9/2018 20:41:24",
		"parentDirectoryOf:" : "12/9/2018 20:41:24",
		"pathNameDelimiter" : "12/9/2018 20:41:24",
		"readStreamFor:do:" : "12/9/2018 20:41:24",
		"readStreamFor:in:do:" : "12/9/2018 20:41:24",
		"resolvePath:in:" : "12/9/2018 20:41:24",
		"writeStreamFor:in:do:" : "12/9/2018 20:41:24" },
	"instance" : {
		 } }
