{
	"instance" : {
		"collectAllSymbolicVersionsFromVersionPragmasInto:using:" : " 9/28/2017 08:54:38",
		"collectAllVersionsFromVersionPragmasInto:using:" : " 9/28/2017 08:54:38",
		"collectDefaultSymbolicVersionsFromVersionPragmasFrom:into:using:" : " 9/28/2017 08:54:38",
		"calculate:project:" : " 9/28/2017 08:54:38",
		"on:" : " 9/28/2017 08:54:38",
		"verifyVersionImportPragmas:definedIn:" : "EstebanLorenzano 9/27/2017 17:14",
		"defaultSymbolicVersionResolverBlock" : " 9/28/2017 08:54:38",
		"symbolicVersionResolverBlock" : " 9/28/2017 08:54:38",
		"prepareForMethodUpdate:sourceVersion:forceUpdate:generating:" : "dkh 6/5/2012 19:01:24",
		"commonDefaultSymbolicVersionResolverBlock" : " 9/28/2017 08:54:38",
		"validateVersionString:againstSpec:" : " 9/28/2017 08:54:38",
		"on:project:" : " 9/28/2017 08:54:38",
		"collectAllVersionsFromVersionImportPragmasInto:using:satisfiedPragmas:" : " 9/28/2017 08:54:38",
		"spawnPackageMethodIn:category:named:sourceVersion:targetVersion:blessing:" : "dkh 6/5/2012 19:01:24",
		"defaultSymbolicVersionResolverBlock:" : "EstebanLorenzano 9/16/2017 14:01",
		"specResolverBlock" : " 9/28/2017 08:54:38",
		"errorMap" : " 9/28/2017 08:54:38",
		"updatePackageMethodIn:sourceVersion:" : "dkh 6/5/2012 19:01:24"
	},
	"class" : {
		"spawnPackageMethodIn:named:sourceVersion:targetVersion:blessing:" : "dkh 6/5/2012 19:01:24",
		"on:" : " 9/28/2017 08:54:38",
		"on:project:" : " 9/28/2017 08:54:38",
		"spawnPackageMethodIn:category:named:sourceVersion:targetVersion:blessing:" : "dkh 6/5/2012 19:01:24",
		"spawnPackageMethodIn:named:sourceVersion:targetVersion:" : "dkh 6/5/2012 19:01:24",
		"updatePackageMethodIn:sourceVersion:" : "dkh 6/5/2012 19:01:24"
	}
}