{
	"class" : {
		 },
	"instance" : {
		"setUp" : "dkh 10/17/2014 15:31",
		"setUpRepositories" : "dkh 7/23/2012 16:31",
		"tearDown" : "topa 9/20/2017 11:04",
		"tearDownPackageList" : "dkh 07/05/2014 20:13",
		"tearDownRepositories" : "topa 9/20/2017 11:04",
		"testBasicFetch001" : "dkh 06/11/2014 16:31",
		"testBasicFetch002" : "dkh 7/23/2012 16:00",
		"testBasicFetch003" : "dkh 7/23/2012 16:01",
		"testBasicFetch004a" : "dkh 7/23/2012 16:02",
		"testBasicFetch004b" : "dkh 7/23/2012 16:02",
		"testBasicRecord001" : "dkh 7/23/2012 15:15",
		"testBasicRecord002" : "dkh 7/23/2012 15:16",
		"testBasicRecord003" : "dkh 7/23/2012 15:18",
		"testBasicRecord004a" : "dkh 7/23/2012 15:29",
		"testBasicRecord004b" : "dkh 7/23/2012 15:28",
		"testFetchCacheRepository" : "dkh 7/23/2012 16:44",
		"testFetchIssue83" : "dkh 7/23/2012 16:02",
		"testFetchRepositoryOverrides" : "topa 9/20/2017 11:04",
		"testRecordIssue83" : "dkh 7/23/2012 16:03" } }
