{
	"class" : {
		 },
	"instance" : {
		"baseline10:" : "dkh 6/12/2012 15:41:23.319",
		"baseline20:" : "dkh 6/12/2012 15:41:23.319",
		"baseline30:" : "dkh 6/12/2012 15:41:23.319",
		"baseline31:" : "dkh 6/12/2012 15:41:23.319",
		"baseline35:" : "dkh 6/12/2012 15:41:23.319",
		"baseline40:" : "dkh 6/12/2012 15:41:23.319",
		"baseline50:" : "dkh 6/12/2012 15:41:23.319",
		"baseline60:" : "dkh 6/12/2012 15:41:23.319",
		"baseline61:" : "dkh 6/12/2012 15:41:23.319",
		"baseline62:" : "dkh 6/12/2012 15:41:23.319",
		"configurationRepository" : "dkh 6/12/2012 15:41:23.319",
		"loadType" : "dkh 6/12/2012 15:41:23.319",
		"monticelloRepository" : "dkh 6/12/2012 15:41:23.319",
		"setUp" : "dkh 6/12/2012 15:41:23.319",
		"tearDown" : "dkh 6/12/2012 15:41:23.319",
		"tearDownPackages:" : "dkh 6/12/2012 15:41:23.319",
		"testBaseline10LoadAtomic" : "dkh 10/17/2014 21:39",
		"testBaseline10LoadLinear" : "dkh 6/12/2012 15:41:23.319",
		"testBaseline20LoadAtomic" : "dkh 6/12/2012 15:41:23.319",
		"testBaseline20LoadLinear" : "dkh 6/12/2012 15:41:23.319",
		"testBaseline30LoadAtomic" : "dkh 6/12/2012 15:41:23.319",
		"testBaseline30LoadLinear" : "dkh 6/12/2012 15:41:23.319",
		"testBaseline31LoadAtomic" : "dkh 10/03/2014 17:43",
		"testBaseline35LoadAtomic" : "dkh 6/12/2012 15:41:23.319",
		"testBaseline35LoadLinear" : "dkh 6/12/2012 15:41:23.319",
		"testBaseline40LoadAtomic" : "dkh 6/12/2012 15:41:23.319",
		"testBaseline40LoadLinear" : "dkh 6/12/2012 15:41:23.319",
		"testIssue66" : "dkh 6/12/2012 15:41:23.319",
		"testIssue81A" : "dkh 6/12/2012 15:41:23.319",
		"testIssue81B" : "dkh 6/12/2012 15:41:23.319",
		"testIssue86A" : "dkh 10/18/2014 07:36",
		"testIssue86B" : "dkh 10/18/2014 07:37",
		"testIssue86C" : "dkh 10/18/2014 07:37",
		"testVersion20LoadAtomic" : "dkh 6/12/2012 15:41:23.319",
		"testVersion21ProjectLoadError" : "dkh 6/12/2012 15:41:23.319",
		"version20:" : "dkh 6/12/2012 15:41:23.319",
		"version21:" : "dkh 6/12/2012 15:41:23.319" } }
