{
	"instance" : {
		"repositoriesForVersion:" : " 9/28/2017 08:54:38",
		"for:do:" : " 9/28/2017 08:54:38",
		"loads:" : " 9/28/2017 08:54:38",
		"supplyingAnswers:" : " 9/28/2017 08:54:38",
		"baselineForVersion:with:" : " 9/28/2017 08:54:38",
		"file:" : " 9/28/2017 08:54:38",
		"preLoadDoItForVersion:" : " 9/28/2017 08:54:38",
		"versionForProject:" : " 9/28/2017 08:54:38",
		"repositoryForVersion:username:password:" : " 9/28/2017 08:54:38",
		"setProject:withBlock:" : " 9/28/2017 08:54:38",
		"project:with:" : " 9/28/2017 08:54:38",
		"setPackage:withBlock:" : " 9/28/2017 08:54:38",
		"repository:" : " 9/28/2017 08:54:38",
		"author:" : " 9/28/2017 08:54:38",
		"versionForVersion:" : " 9/28/2017 08:54:38",
		"setBlessingWithBlock:" : " 9/28/2017 08:54:38",
		"timestamp:" : " 9/28/2017 08:54:38",
		"removeProject:" : " 9/28/2017 08:54:38",
		"repositories:" : " 9/28/2017 08:54:38",
		"repositoriesForPackage:" : " 9/28/2017 08:54:38",
		"preLoadDoIt:" : " 9/28/2017 08:54:38",
		"package:" : " 9/28/2017 08:54:38",
		"classNameForProject:" : " 9/28/2017 08:54:38",
		"reset" : " 9/28/2017 08:54:38",
		"supplyingAnswersForPackage:" : " 9/28/2017 08:54:38",
		"attributeOrder" : " 9/28/2017 08:54:38",
		"setBlessingWithString:" : " 9/28/2017 08:54:38",
		"preLoadDoItForPackage:" : " 9/28/2017 08:54:38",
		"loadsForProject:" : " 9/28/2017 08:54:38",
		"groupForVersion:overrides:" : " 9/28/2017 08:54:38",
		"root" : " 9/28/2017 08:54:38",
		"projectForVersion:" : " 9/28/2017 08:54:38",
		"setAuthorWithString:" : " 9/28/2017 08:54:38",
		"baseline:" : " 9/28/2017 08:54:38",
		"repositoryForProject:" : " 9/28/2017 08:54:38",
		"import:provides:" : " 9/28/2017 08:54:38",
		"package:with:" : " 9/28/2017 08:54:38",
		"configurationClass" : " 9/28/2017 08:54:38",
		"setAuthorWithBlock:" : " 9/28/2017 08:54:38",
		"symbolicVersion" : " 9/28/2017 08:54:38",
		"repositoryForRepositories:" : " 9/28/2017 08:54:38",
		"versionStringForProject:" : " 9/28/2017 08:54:38",
		"timestampForVersion:" : " 9/28/2017 08:54:38",
		"setBaseline:" : " 9/28/2017 08:54:38",
		"projectForVersion:overrides:" : " 9/28/2017 08:54:38",
		"setDescriptionWithString:" : " 9/28/2017 08:54:38",
		"setFor:version:" : " 9/28/2017 08:54:38",
		"packageForVersion:" : " 9/28/2017 08:54:38",
		"setConfiguration:withBlock:" : " 9/28/2017 08:54:38",
		"repositoryForVersion:" : " 9/28/2017 08:54:38",
		"setProject:" : " 9/28/2017 08:54:38",
		"postLoadDoItForSpec:" : " 9/28/2017 08:54:38",
		"requires:" : " 9/28/2017 08:54:38",
		"project:overrides:" : " 9/28/2017 08:54:38",
		"configuration:" : " 9/28/2017 08:54:38",
		"group:with:" : " 9/28/2017 08:54:38",
		"projectForVersion:with:" : " 9/28/2017 08:54:38",
		"versionStringForVersion:" : " 9/28/2017 08:54:38",
		"importForVersion:" : " 9/28/2017 08:54:38",
		"descriptionForVersion:" : " 9/28/2017 08:54:38",
		"setTimestampWithBlock:" : " 9/28/2017 08:54:38",
		"groupForVersion:with:" : " 9/28/2017 08:54:38",
		"operator:" : " 9/28/2017 08:54:38",
		"repositoriesForSpec:" : " 9/28/2017 08:54:38",
		"repository:username:password:" : " 9/28/2017 08:54:38",
		"import:" : " 9/28/2017 08:54:38",
		"removePackage:" : " 9/28/2017 08:54:38",
		"attributeMap" : " 9/28/2017 08:54:38",
		"includes:" : " 9/28/2017 08:54:38",
		"package:overrides:" : " 9/28/2017 08:54:38",
		"removeGroupForVersion:" : " 9/28/2017 08:54:38",
		"configuration:with:" : " 9/28/2017 08:54:38",
		"value:" : " 9/28/2017 08:54:38",
		"with:during:" : " 9/28/2017 08:54:38",
		"root:" : " 9/28/2017 08:54:38",
		"postLoadDoIt:" : " 9/28/2017 08:54:38",
		"packageForVersion:with:" : " 9/28/2017 08:54:38",
		"baseline:with:" : " 9/28/2017 08:54:38",
		"name:" : " 9/28/2017 08:54:38",
		"setPackage:withString:" : " 9/28/2017 08:54:38",
		"authorForVersion:" : " 9/28/2017 08:54:38",
		"projectForVersion:copyFrom:with:" : " 9/28/2017 08:54:38",
		"setFor:do:" : " 9/28/2017 08:54:38",
		"baselineForVersion:" : " 9/28/2017 08:54:38",
		"addAttribute:" : " 9/28/2017 08:54:38",
		"fileForProject:" : " 9/28/2017 08:54:38",
		"repositoryForPackage:username:password:" : " 9/28/2017 08:54:38",
		"repositoryForPackage:" : " 9/28/2017 08:54:38",
		"group:overrides:" : " 9/28/2017 08:54:38",
		"postLoadDoItForProject:" : " 9/28/2017 08:54:38",
		"repositoryForSpec:username:password:" : " 9/28/2017 08:54:38",
		"removeProjectForVersion:" : " 9/28/2017 08:54:38",
		"description:" : " 9/28/2017 08:54:38",
		"for:version:" : " 9/28/2017 08:54:38",
		"repositoryForRepositories:username:password:" : " 9/28/2017 08:54:38",
		"projectPackage:" : " 9/28/2017 08:54:38",
		"configuration" : " 9/28/2017 08:54:38",
		"preLoadDoItForSpec:" : " 9/28/2017 08:54:38",
		"includesForPackage:" : " 9/28/2017 08:54:38",
		"removePackageForVersion:" : " 9/28/2017 08:54:38",
		"className:" : " 9/28/2017 08:54:38",
		"packageForVersion:overrides:" : " 9/28/2017 08:54:38",
		"project:copyFrom:with:" : " 9/28/2017 08:54:38",
		"operatorForProject:" : " 9/28/2017 08:54:38",
		"postLoadDoItForVersion:" : " 9/28/2017 08:54:38",
		"versionString:" : " 9/28/2017 08:54:38",
		"blessingForVersion:" : " 9/28/2017 08:54:38",
		"repositoryForProject:username:password:" : " 9/28/2017 08:54:38",
		"requiresForPackage:" : " 9/28/2017 08:54:38",
		"blessing:" : " 9/28/2017 08:54:38",
		"validateDoItSelector:" : " 9/28/2017 08:54:38",
		"removeGroup:" : " 9/28/2017 08:54:38",
		"nameForProject:" : " 9/28/2017 08:54:38",
		"repositoryForSpec:" : " 9/28/2017 08:54:38",
		"setBaseline:withBlock:" : " 9/28/2017 08:54:38",
		"evaluatePragma:" : "EstebanLorenzano 9/16/2017 14:02",
		"setDescriptionWithBlock:" : " 9/28/2017 08:54:38",
		"configurationForVersion:with:" : " 9/28/2017 08:54:38",
		"project:" : " 9/28/2017 08:54:38",
		"symbolicVersion:" : " 9/28/2017 08:54:38",
		"postLoadDoItForPackage:" : " 9/28/2017 08:54:38",
		"repositoriesForProject:" : " 9/28/2017 08:54:38",
		"preLoadDoItForProject:" : " 9/28/2017 08:54:38",
		"fileForPackage:" : " 9/28/2017 08:54:38",
		"project" : " 9/28/2017 08:54:38",
		"projectPackageForProject:" : " 9/28/2017 08:54:38",
		"valueForValueHolder:" : " 9/28/2017 08:54:38",
		"version:" : " 9/28/2017 08:54:38",
		"setProject:withString:" : " 9/28/2017 08:54:38",
		"importForVersion:provides:" : " 9/28/2017 08:54:38",
		"setTimestampWithString:" : " 9/28/2017 08:54:38"
	},
	"class" : {
		"symbolicMethodSelectorAndPragma:symbolicVersionSymbol:on:" : " 9/28/2017 08:54:38"
	}
}