{
	"instance" : {
		"compareEqual:" : "9/28/2017 08:54:38",
		"determineCurrentVersionForLoad" : "9/28/2017 08:54:38",
		"getRepositories" : "9/28/2017 08:54:38",
		"hasNoLoadConflicts:" : "9/28/2017 08:54:38",
		"hasRepository" : "9/28/2017 08:54:38",
		"load" : "9/28/2017 08:54:38",
		"loadVersion:" : "9/28/2017 08:54:38",
		"mergeMap" : "9/28/2017 08:54:38",
		"mergeRepositoriesSpec:" : "9/28/2017 08:54:38",
		"mergeScriptRepository:" : "9/28/2017 08:54:38",
		"mergeSpec:" : "9/28/2017 08:54:38",
		"metacelloRegistrationHash" : "9/28/2017 08:54:38",
		"name:" : "9/28/2017 08:54:38",
		"nonOverridable" : "9/28/2017 08:54:38",
		"password:" : "ct 11/7/2020 14:04",
		"postCopy" : "9/28/2017 08:54:38",
		"projectPackage" : "9/28/2017 08:54:38",
		"projectPackage:" : "9/28/2017 08:54:38",
		"projectPackage:constructor:" : "9/28/2017 08:54:38",
		"repositories" : "9/28/2017 08:54:38",
		"repositories:" : "9/28/2017 08:54:38",
		"repositories:constructor:" : "9/28/2017 08:54:38",
		"repository" : "dkh 6/30/2012 12:32",
		"repository:" : "9/28/2017 08:54:38",
		"repository:constructor:" : "9/28/2017 08:54:38",
		"repository:username:password:" : "9/28/2017 08:54:38",
		"repository:username:password:constructor:" : "9/28/2017 08:54:38",
		"repositoryDescriptions" : "9/28/2017 08:54:38",
		"repositorySpecs" : "9/28/2017 08:54:38",
		"username:" : "ct 11/7/2020 14:04" 
	},
	"class" : { }
}