{
	"class" : {
		 },
	"instance" : {
		"setUpRepositoryContents" : "dkh 7/17/2012 07:18",
		"tearDownRepositories" : "topa 9/20/2017 11:04",
		"testFileTreeGetBaseline" : "dkh 7/17/2012 10:11",
		"testFileTreeGetConfigurationBasicSpecIV" : "dkh 6/22/2012 17:42",
		"testFileTreeGetConfigurationBasicSpecX" : "dkh 6/22/2012 17:42",
		"testFileTreeGetConfigurationBasicSpecXX" : "dkh 6/22/2012 17:42",
		"testFileTreeGetConfigurationBasicSpecXXX" : "dkh 6/22/2012 17:43",
		"testFileTreeGetConfigurationVersionSpecIV" : "dkh 6/22/2012 17:43",
		"testFileTreeGetConfigurationVersionSpecX" : "dkh 6/22/2012 17:43",
		"testFileTreeGetConfigurationVersionSpecXX" : "dkh 6/22/2012 17:43",
		"testFileTreeGetConfigurationVersionSpecXXX" : "dkh 6/22/2012 17:43",
		"testGetBaseline" : "dkh 10/31/2015 13:44",
		"testGetNLoad" : "dkh 09/25/2015 16:21",
		"testGetRefresh" : "dkh 7/17/2012 07:38",
		"testLoadNGet" : "dkh 10/18/2014 08:36" } }
