{
	"class" : {
		"title" : "DaleHenrichs 12/17/2010 10:31" },
	"instance" : {
		"checkpointSave" : "DaleHenrichs 12/17/2010 11:28",
		"compareVersions" : "DaleHenrichs 1/14/2011 12:21",
		"createConfigurationAndBaseline" : "dkh 9/11/2012 17:16",
		"createDevelopmentVersion" : "dkh 9/11/2012 17:16",
		"createNewDevelopmentVersion" : "DaleHenrichs 12/17/2010 12:24",
		"integrateCodeContributions" : "DaleHenrichs 12/17/2010 11:37",
		"introductionText" : "dkh 9/11/2012 17:16",
		"releaseVersion" : "DaleHenrichs 12/17/2010 12:14",
		"tutorial" : "DaleHenrichs 12/17/2010 12:16",
		"validateAndSaveConfiguration" : "DaleHenrichs 12/17/2010 11:09" } }
