{
	"instance" : {
		"baseline40MethodSourceProjectLoop" : " 9/28/2017 07:09:26",
		"baseline10ProjectFum:" : " 9/28/2017 07:09:26",
		"setUpConfigurationOfFeaux" : " 9/28/2017 07:09:26",
		"version41Issue119:" : " 9/28/2017 07:09:26",
		"baseline60Fix:" : " 9/28/2017 07:09:26",
		"baseline12C:" : " 9/28/2017 07:09:26",
		"version30Issue156:" : " 9/28/2017 07:09:26",
		"setUpConfigurationOfProjectIssue119" : " 9/28/2017 07:09:26",
		"version100ProjectToolBox:" : " 9/28/2017 07:09:26",
		"version107ProjectToolBox:" : " 9/28/2017 07:09:26",
		"version116ProjectToolBox:" : " 9/28/2017 07:09:26",
		"version125ProjectToolBox:" : " 9/28/2017 07:09:26",
		"version134ProjectToolBox:" : " 9/28/2017 07:09:26",
		"baseline20Foo:" : " 9/28/2017 07:09:26",
		"setUpConfigurationOfProjectFie" : " 9/28/2017 07:09:26",
		"baseline20Fan:" : " 9/28/2017 07:09:26",
		"baselineVersion10Issue136:" : " 9/28/2017 07:09:26",
		"setUpConfigurationOfProjectIssue283" : " 9/28/2017 07:09:26",
		"baseline61MethodSourceFix" : " 9/28/2017 07:09:26",
		"baselineVersion30Issue119:" : " 9/28/2017 07:09:26",
		"baseline25ProjectFie:" : " 9/28/2017 07:09:26",
		"baselineGoo300Issue156Configuration:" : " 9/28/2017 07:09:26",
		"projectClassMethodSource" : " 9/28/2017 07:09:26",
		"baseline50MethodSourceFan" : " 9/28/2017 07:09:26",
		"setUpConfigurationOfProjectIssue115dkh1" : " 9/28/2017 07:09:26",
		"version104ProjectToolBox:" : " 9/28/2017 07:09:26",
		"version113ProjectToolBox:" : " 9/28/2017 07:09:26",
		"version122ProjectToolBox:" : " 9/28/2017 07:09:26",
		"version131ProjectToolBox:" : " 9/28/2017 07:09:26",
		"version41SymbolicMethodSourceSymbolic" : " 9/28/2017 07:09:26",
		"version129ProjectToolBox:" : " 9/28/2017 07:09:26",
		"setUpConfigurationOfFix" : " 9/28/2017 07:09:26",
		"stableVersion283A:" : " 9/28/2017 07:09:26",
		"version50Issue119:" : " 9/28/2017 07:09:26",
		"baseline40MethodSourceProjectFee" : " 9/28/2017 07:09:26",
		"version20Issue119:" : " 9/28/2017 07:09:26",
		"baseline10MethodSourceD" : " 9/28/2017 07:09:26",
		"baseline10D:" : " 9/28/2017 07:09:26",
		"version42Symbolic:" : " 9/28/2017 07:09:26",
		"setUpConfigurationOfProjectIssue171dkh1" : " 9/28/2017 07:09:26",
		"baseline30Foo:" : " 9/28/2017 07:09:26",
		"baseline30Fan:" : " 9/28/2017 07:09:26",
		"stableVersion283B:" : " 9/28/2017 07:09:26",
		"baseline20MethodSourceFan" : " 9/28/2017 07:09:26",
		"baseline35ProjectFie:" : " 9/28/2017 07:09:26",
		"symbolicVersionExplicitlyDoesNotExistProjectToolBox:" : " 9/28/2017 07:09:26",
		"setUpConfigurationOfProjectIssue115dkh2:" : " 9/28/2017 07:09:26",
		"version101ProjectToolBox:" : " 9/28/2017 07:09:26",
		"setUpConfigurationOfProjectConfigIssue283dkh1" : " 9/28/2017 07:09:26",
		"baseline40ProjectInfinite:" : " 9/28/2017 07:09:26",
		"version108ProjectToolBox:" : " 9/28/2017 07:09:26",
		"baselineVersion113ProjectToolBox:" : " 9/28/2017 07:09:26",
		"setUpConfigurationOfProjectIssue283dkh1" : " 9/28/2017 07:09:26",
		"setUpConfigurationOfProjectIssue171" : " 9/28/2017 07:09:26",
		"postloadDoIt" : " 9/28/2017 07:09:26",
		"baseline15ProjectFie:" : " 9/28/2017 07:09:26",
		"version10Issue156:" : " 9/28/2017 07:09:26",
		"version117ProjectToolBox:" : " 9/28/2017 07:09:26",
		"version126ProjectToolBox:" : " 9/28/2017 07:09:26",
		"version135ProjectToolBox:" : " 9/28/2017 07:09:26",
		"setUpConfigurationOfFoo" : " 9/28/2017 07:09:26",
		"version11Issue115:" : " 9/28/2017 07:09:26",
		"setUpIssue77" : " 9/28/2017 07:09:26",
		"baselineVersion20Issue171:" : " 9/28/2017 07:09:26",
		"setUpIssue77B" : " 9/28/2017 07:09:26",
		"baseline10B:" : " 9/28/2017 07:09:26",
		"baseline40MethodSourceProjectInfinite" : " 9/28/2017 07:09:26",
		"baseline40MethodSourceFoo" : " 9/28/2017 07:09:26",
		"setUpConfigurationOfProjectFee" : " 9/28/2017 07:09:26",
		"version42Issue119:" : " 9/28/2017 07:09:26",
		"baseline40Foo:" : " 9/28/2017 07:09:26",
		"baselineVersion20Issue154:" : " 9/28/2017 07:09:26",
		"baseline40Fan:" : " 9/28/2017 07:09:26",
		"baseline13MethodSourceC" : " 9/28/2017 07:09:26",
		"baselineVersion40Issue119:" : " 9/28/2017 07:09:26",
		"setUpConfigurationOfProjectFum" : " 9/28/2017 07:09:26",
		"bleedingEdgeVersion:" : " 9/28/2017 07:09:26",
		"baselineVersion10Issue119:" : " 9/28/2017 07:09:26",
		"baseline40ProjectIssue95:" : " 9/28/2017 07:09:26",
		"setUpConfigurationOfSymbolic" : " 9/28/2017 07:09:26",
		"setUpConfigurationOfProjectIssue95" : " 9/28/2017 07:09:26",
		"setUpIssue77C" : " 9/28/2017 07:09:26",
		"version30Issue119:" : " 9/28/2017 07:09:26",
		"baseline35MethodSourceFoo" : " 9/28/2017 07:09:26",
		"baselineVersion11Issue154:" : " 9/28/2017 07:09:26",
		"baselineVersion10MetacelloExample:" : " 9/28/2017 07:09:26",
		"version20Issue283:" : " 9/28/2017 07:09:26",
		"setUpMonticelloRepository" : " 9/28/2017 07:09:26",
		"baseline50Foo:" : " 9/28/2017 07:09:26",
		"baseline40Feaux:" : " 9/28/2017 07:09:26",
		"version110ProjectToolBox:" : " 9/28/2017 07:09:26",
		"baseline50Fan:" : " 9/28/2017 07:09:26",
		"version30Issue125:" : " 9/28/2017 07:09:26",
		"setUpConfigurationOfProjectIssue136dkh1" : " 9/28/2017 07:09:26",
		"baselineGoo400Issue156Configuration:" : " 9/28/2017 07:09:26",
		"baseline40ProjectFee:" : " 9/28/2017 07:09:26",
		"setUpIssue77D" : " 9/28/2017 07:09:26",
		"version40SymbolicMethodSourceSymbolic" : " 9/28/2017 07:09:26",
		"baseline50MethodSourceFoo" : " 9/28/2017 07:09:26",
		"setUpConfigurationOfProjectToolBox" : " 9/28/2017 07:09:26",
		"monticelloRepository" : " 9/28/2017 07:09:26",
		"projectMethodSource" : " 9/28/2017 07:09:26",
		"stableVersionDMethodSourceSymbolic" : " 9/28/2017 07:09:26",
		"projectVersion10Issue283:" : " 9/28/2017 07:09:26",
		"setUpIssue156ConfigurationOfProjectGoo" : " 9/28/2017 07:09:26",
		"setUpConfigurationOfProjectInfinite" : " 9/28/2017 07:09:26",
		"baseline12MethodSourceC" : " 9/28/2017 07:09:26",
		"bleedingEdge206B:" : " 9/28/2017 07:09:26",
		"setUpConfigurationOfProjectIssue119dkh7:" : " 9/28/2017 07:09:26",
		"version11Issue156:" : " 9/28/2017 07:09:26",
		"version105ProjectToolBox:" : " 9/28/2017 07:09:26",
		"version114ProjectToolBox:" : " 9/28/2017 07:09:26",
		"version123ProjectToolBox:" : " 9/28/2017 07:09:26",
		"version132ProjectToolBox:" : " 9/28/2017 07:09:26",
		"version20Issue171:" : " 9/28/2017 07:09:26",
		"baseline40MethodSourceFeaux" : " 9/28/2017 07:09:26",
		"version10Issue136:" : " 9/28/2017 07:09:26",
		"version43SymbolicMethodSourceSymbolic" : " 9/28/2017 07:09:26",
		"baselineVersion10Issue115:" : " 9/28/2017 07:09:26",
		"baselineVersion21Issue171:" : " 9/28/2017 07:09:26",
		"setUpConfigurationOfProjectIssue136dkh2:" : " 9/28/2017 07:09:26",
		"version43Issue119:" : " 9/28/2017 07:09:26",
		"project" : " 9/28/2017 07:09:26",
		"baseline30MethodSourceFan" : " 9/28/2017 07:09:26",
		"baseline40MethodSourceProjectIssue95" : " 9/28/2017 07:09:26",
		"version102ProjectToolBox:" : " 9/28/2017 07:09:26",
		"version111ProjectToolBox:" : " 9/28/2017 07:09:26",
		"version120ProjectToolBox:" : " 9/28/2017 07:09:26",
		"version109ProjectToolBox:" : " 9/28/2017 07:09:26",
		"setUpConfigurationOfProjectIssue154" : " 9/28/2017 07:09:26",
		"version118ProjectToolBox:" : " 9/28/2017 07:09:26",
		"version127ProjectToolBox:" : " 9/28/2017 07:09:26",
		"setUpIssue156BaselineOfGoo" : " 9/28/2017 07:09:26",
		"setUpConfigurationOfProjectIssue119dkh5:" : " 9/28/2017 07:09:26",
		"baseline40MethodSourceProjectFoe" : " 9/28/2017 07:09:26",
		"version40Symbolic:" : " 9/28/2017 07:09:26",
		"version20Issue156:" : " 9/28/2017 07:09:26",
		"preloadDoItMethodSource" : " 9/28/2017 07:09:26",
		"version43Symbolic:" : " 9/28/2017 07:09:26",
		"baselineVersion12Issue154:" : " 9/28/2017 07:09:26",
		"bleedingEdge206A:" : " 9/28/2017 07:09:26",
		"setUpConfigurationOfProjectIssue119dkh6:" : " 9/28/2017 07:09:26",
		"version21Issue283:" : " 9/28/2017 07:09:26",
		"setUpConfigurationOfProjectIssue136" : " 9/28/2017 07:09:26",
		"version106ProjectToolBox:" : " 9/28/2017 07:09:26",
		"version115ProjectToolBox:" : " 9/28/2017 07:09:26",
		"version124ProjectToolBox:" : " 9/28/2017 07:09:26",
		"version133ProjectToolBox:" : " 9/28/2017 07:09:26",
		"setUpConfigurationOfProjectIssue115" : " 9/28/2017 07:09:26",
		"baselineVersion30Issue154:" : " 9/28/2017 07:09:26",
		"preloadDoIt" : " 9/28/2017 07:09:26",
		"setUpConfigurationOfFan" : " 9/28/2017 07:09:26",
		"baselineVersion20Issue119:" : " 9/28/2017 07:09:26",
		"setUpConfigurationOfProjectIssue119dkh3:" : " 9/28/2017 07:09:26",
		"baseline20MethodSourceFoo" : " 9/28/2017 07:09:26",
		"setUpConfigurationOfProjectIssue154dkh1" : " 9/28/2017 07:09:26",
		"setUpConfigurationOfProjectIssue125" : " 9/28/2017 07:09:26",
		"setUpConfigurationOfProjectFoe" : " 9/28/2017 07:09:26",
		"baseline40MethodSourceFan" : " 9/28/2017 07:09:26",
		"baselineGoo500Issue156Configuration:" : " 9/28/2017 07:09:26",
		"setUpConfigurationOfFum" : " 9/28/2017 07:09:26",
		"version40Issue119:" : " 9/28/2017 07:09:26",
		"version10Issue119:" : " 9/28/2017 07:09:26",
		"setUpConfigurationOfProjectIssue119dkh4:" : " 9/28/2017 07:09:26",
		"setUpConfigurationOfProjectIssue156" : " 9/28/2017 07:09:26",
		"version119ProjectToolBox:" : " 9/28/2017 07:09:26",
		"version128ProjectToolBox:" : " 9/28/2017 07:09:26",
		"baselineVersion124ProjectToolBox:" : " 9/28/2017 07:09:26",
		"version21Issue171:" : " 9/28/2017 07:09:26",
		"version10MetacelloExample:" : " 9/28/2017 07:09:26",
		"baseline40ProjectLoop:" : " 9/28/2017 07:09:26",
		"baselineVersion20Issue125:" : " 9/28/2017 07:09:26",
		"version11Issue136:" : " 9/28/2017 07:09:26",
		"stableVersionD:" : " 9/28/2017 07:09:26",
		"setUpConfigurationOfProjectLoop" : " 9/28/2017 07:09:26",
		"version44Issue119:" : " 9/28/2017 07:09:26",
		"baseline35MethodSourceFan" : " 9/28/2017 07:09:26",
		"version42SymbolicMethodSourceSymbolic" : " 9/28/2017 07:09:26",
		"setUpConfigurationOfProjectIssue283dkh2:" : " 9/28/2017 07:09:26",
		"baseline40ProjectFie:" : " 9/28/2017 07:09:26",
		"baseline40ProjectFum:" : " 9/28/2017 07:09:26",
		"setUpIssue156ConfigurationOfGoo" : " 9/28/2017 07:09:26",
		"projectVersion20Issue283:" : " 9/28/2017 07:09:26",
		"setUpConfigurationOfProjectIssue119dkh2:" : " 9/28/2017 07:09:26",
		"baseline13C:" : " 9/28/2017 07:09:26",
		"setUp" : " 9/28/2017 07:09:26",
		"baseline61Fix:" : " 9/28/2017 07:09:26",
		"baseline35Foo:" : " 9/28/2017 07:09:26",
		"version41Symbolic:" : " 9/28/2017 07:09:26",
		"baselineVersion10Issue154:" : " 9/28/2017 07:09:26",
		"baseline35Fan:" : " 9/28/2017 07:09:26",
		"baseline30MethodSourceFoo" : " 9/28/2017 07:09:26",
		"baselineVersion13Issue154:" : " 9/28/2017 07:09:26",
		"setUpConfigurationOfMetacelloExampledkh1" : " 9/28/2017 07:09:26",
		"setUpIssue156ConfigurationOfProjectSoo" : " 9/28/2017 07:09:26",
		"baseline60MethodSourceFix" : " 9/28/2017 07:09:26",
		"version103ProjectToolBox:" : " 9/28/2017 07:09:26",
		"stableVersionC:" : " 9/28/2017 07:09:26",
		"version112ProjectToolBox:" : " 9/28/2017 07:09:26",
		"version121ProjectToolBox:" : " 9/28/2017 07:09:26",
		"baseline40ProjectFoe:" : " 9/28/2017 07:09:26",
		"version130ProjectToolBox:" : " 9/28/2017 07:09:26",
		"version10Issue115:" : " 9/28/2017 07:09:26",
		"baselineGooIssue156Baseline:" : " 9/28/2017 07:09:26",
		"baselineVersion30Issue125:" : " 9/28/2017 07:09:26",
		"setUpConfigurationOfProjectIssue119dkh1" : " 9/28/2017 07:09:26",
		"setUpIssue95" : " 9/28/2017 07:09:26",
		"baseline10MethodSourceB" : " 9/28/2017 07:09:26",
		"baseline40MethodSourceProjectFum" : " 9/28/2017 07:09:26",
		"setUpConfigurationOfProjectIssue171dkh2:" : " 9/28/2017 07:09:26"
	},
	"class" : {
		"project" : " 9/28/2017 07:09:26",
		"projectAttributes" : " 9/28/2017 07:09:26",
		"projectAttributes:" : " 9/28/2017 07:09:26"
	}
}