{
	"instance" : {
		"handleWarning:" : " 9/28/2017 08:54:38",
		"list" : " 9/28/2017 08:54:38",
		"defaultVersionString" : " 9/28/2017 08:54:38",
		"get" : " 9/28/2017 08:54:38",
		"handleLookupProjectSpecForLoad:" : " 9/28/2017 08:54:38",
		"handleEnsureProjectLoadedForDevelopment:" : " 9/28/2017 08:54:38",
		"repositories" : " 9/28/2017 08:54:38",
		"getConfigurationProjectUnconditionalLoad:" : " 9/28/2017 08:54:38",
		"lookupProjectSpecFor:" : " 9/28/2017 08:54:38",
		"projectSpec" : " 9/28/2017 08:54:38",
		"load:onProjectDownGrade:onProjectUpgrade:" : " 9/28/2017 08:54:38",
		"record:" : " 9/28/2017 08:54:38",
		"lock" : " 9/28/2017 08:54:38",
		"register" : " 9/28/2017 08:54:38",
		"handleDowngrade:" : " 9/28/2017 08:54:38",
		"root" : " 9/28/2017 08:54:38",
		"useCurrentVersion" : " 9/28/2017 08:54:38",
		"setDefaultsAndValidate:" : " 9/28/2017 08:54:38",
		"cacheRepository" : " 9/28/2017 08:54:38",
		"fetch:" : " 9/28/2017 08:54:38",
		"handleNotificationsForAction:" : " 9/28/2017 08:54:38",
		"unregister" : " 9/28/2017 08:54:38",
		"projectSpec:" : " 9/28/2017 08:54:38",
		"handleLookupBaselineSpecForEnsureLoad:" : " 9/28/2017 08:54:38",
		"projectName" : " 9/28/2017 08:54:38",
		"fetchRecord:required:" : " 9/28/2017 08:54:38",
		"defaultRepositoryDescription" : " 9/28/2017 08:54:38",
		"getBaselineProjectUnconditionalLoad:" : " 9/28/2017 08:54:38",
		"root:" : " 9/28/2017 08:54:38",
		"ignoreImage" : " 9/28/2017 08:54:38",
		"handleLookupProjectSpec:" : " 9/28/2017 08:54:38",
		"handleUpgrade:" : " 9/28/2017 08:54:38",
		"getBaselineUnconditionalLoad:" : " 9/28/2017 08:54:38",
		"handleConflict:" : " 9/28/2017 08:54:38",
		"load:" : " 9/28/2017 08:54:38",
		"setDefaultsAndValidateProjectSpec" : " 9/28/2017 08:54:38",
		"options" : " 9/28/2017 08:54:38",
		"handleLock:" : " 9/28/2017 08:54:38",
		"handleProjectSpecLoaded:" : " 9/28/2017 08:54:38",
		"repositoryOverrides" : " 9/28/2017 08:54:38",
		"getConfigurationUnconditionalLoad:" : " 9/28/2017 08:54:38",
		"options:" : " 9/28/2017 08:54:38",
		"silently" : " 9/28/2017 08:54:38",
		"unlock" : " 9/28/2017 08:54:38"
	},
	"class" : {
		"configurationNameFrom:" : " 9/28/2017 08:54:38",
		"defaultRepositoryDescription:" : " 9/28/2017 08:54:38",
		"defaultVersionString" : " 9/28/2017 08:54:38",
		"baselineNameFrom:" : " 9/28/2017 08:54:38",
		"defaultRepositoryDescription" : " 9/28/2017 08:54:38",
		"baseNameOf:" : " 9/28/2017 08:54:38"
	}
}