{
	"class" : {
		 },
	"instance" : {
		"introductionText" : "DaleHenrichs 11/15/2010 12:14",
		"lesson01" : "dkh 9/11/2012 17:13",
		"lesson02" : "dkh 9/11/2012 17:13",
		"lesson03" : "dkh 9/11/2012 17:13",
		"lesson04" : "dkh 9/11/2012 17:14",
		"lesson05" : "dkh 9/11/2012 17:14",
		"lesson06" : "dkh 9/11/2012 17:14",
		"lesson07" : "dkh 9/11/2012 17:14",
		"lesson08" : "dkh 9/11/2012 17:14",
		"lesson10" : "dkh 9/11/2012 17:14",
		"lesson11" : "dkh 9/11/2012 17:14",
		"lesson11Author" : "dkh 9/11/2012 17:14",
		"lesson11Blessing" : "dkh 9/11/2012 17:14",
		"lesson11Descripton" : "dkh 9/11/2012 17:14",
		"lesson11Timestamp" : "dkh 9/11/2012 17:14",
		"lesson12DoIts" : "dkh 9/11/2012 17:14",
		"lesson13" : "dkh 9/11/2012 17:15",
		"tutorial" : "DaleHenrichs 11/15/2010 12:10" } }
