{
	"class" : {
		"basicFromUrl:" : "12/9/2018 20:41:24",
		"createRepositoryFromSpec:on:" : "12/9/2018 20:41:24",
		"description" : "12/9/2018 20:41:24",
		"directoryNameFromFileName:" : "jr 1/2/2019 00:48",
		"fileNameFromDirectory:" : "jr 1/2/2019 00:47",
		"isAvailableFor:" : "12/9/2018 20:41:24",
		"isFiletreeAlternateFormat:" : "12/9/2018 20:41:24",
		"urlSchemes" : "12/9/2018 20:41:24" },
	"instance" : {
		"allFileNames" : "jr 1/2/2019 00:47",
		"allFileNamesForVersionNamed:" : "12/9/2018 20:41:24",
		"asRepositorySpecFor:" : "12/9/2018 20:41:24",
		"basicStoreVersion:" : "12/9/2018 20:41:24",
		"canReadFileNamed:" : "jr 1/2/2019 01:07",
		"description" : "jr 1/1/2019 16:58",
		"directory:" : "jr 1/1/2019 16:55",
		"directoryFromFileName:" : "jr 1/2/2019 00:49",
		"fileDirectoryOn:" : "12/9/2018 20:41:24",
		"fileNameFromDirectory:" : "jr 1/2/2019 00:49",
		"fileUtils" : "12/9/2018 20:41:24",
		"filterFileNames:forVersionNamed:" : "12/9/2018 20:41:24",
		"goferVersionFrom:" : "tobe 5/6/2020 20:44",
		"hash" : "tobe 9/30/2020 10:23",
		"loadAllFileNames" : "12/9/2018 20:41:24",
		"packageDescriptionFromPackageDirectory:" : "12/9/2018 20:41:24",
		"packageDescriptionsFromReadableFileNames" : "12/9/2018 20:41:24",
		"readStreamForFileNamed:do:" : "12/9/2018 20:41:24",
		"readableFileNames" : "jr 1/1/2019 16:36",
		"readableFileReferences" : "jr 1/2/2019 00:39",
		"versionFrom:" : "12/9/2018 20:41:24",
		"versionFromFileNamed:" : "jr 1/2/2019 00:36",
		"versionInfoForPackageDirectory:" : "12/9/2018 20:41:24",
		"versionInfoFromVersionNamed:" : "12/9/2018 20:41:24",
		"versionNameFromFileName:" : "jr 1/2/2019 00:34",
		"versionWithInfo:ifAbsent:" : "12/9/2018 20:41:24" } }
