{
	"instance" : {
		"project:overrides:constructor:" : " 9/28/2017 08:54:38",
		"expandToLoadableSpecNames:" : " 9/28/2017 08:54:38",
		"blessing:constructor:" : " 9/28/2017 08:54:38",
		"isPartiallyCurrent:useEquality:" : " 9/28/2017 08:54:38",
		"difference:" : " 9/28/2017 08:54:38",
		"versionClass" : " 9/28/2017 08:54:38",
		"timestamp:constructor:" : " 9/28/2017 08:54:38",
		"setImport:" : " 9/28/2017 08:54:38",
		"author" : " 9/28/2017 08:54:38",
		"getAuthor" : " 9/28/2017 08:54:38",
		"nonOverridable" : " 9/28/2017 08:54:38",
		"packageNames" : " 9/28/2017 08:54:38",
		"removeGroup:constructor:" : " 9/28/2017 08:54:38",
		"postCopy" : " 9/28/2017 08:54:38",
		"defaultPackageNames" : " 9/28/2017 08:54:38",
		"resolveToLoadableSpecs:" : " 9/28/2017 08:54:38",
		"author:" : " 9/28/2017 08:54:38",
		"mergeMap" : " 9/28/2017 08:54:38",
		"timestamp:" : " 9/28/2017 08:54:38",
		"group:overrides:constructor:" : " 9/28/2017 08:54:38",
		"packageNamed:forLoad:forMap:ifAbsent:" : " 9/28/2017 08:54:38",
		"preLoadDoIt:" : " 9/28/2017 08:54:38",
		"packageSpecsInLoadOrder" : " 9/28/2017 08:54:38",
		"packages:" : " 9/28/2017 08:54:38",
		"getPreLoadDoIt" : " 9/28/2017 08:54:38",
		"preLoadDoIt:constructor:" : " 9/28/2017 08:54:38",
		"deleteSpec:" : " 9/28/2017 08:54:38",
		"baseline:constructor:" : " 9/28/2017 08:54:38",
		"getDescription" : " 9/28/2017 08:54:38",
		"configSpawnMethodOn:indent:" : " 9/28/2017 08:54:38",
		"import:provides:" : " 9/28/2017 08:54:38",
		"project:copyFrom:with:constructor:" : " 9/28/2017 08:54:38",
		"project:constructor:" : " 9/28/2017 08:54:38",
		"getPostLoadDoIt" : " 9/28/2017 08:54:38",
		"setDescription:" : " 9/28/2017 08:54:38",
		"projectLabel" : " 9/28/2017 08:54:38",
		"projectDo:packageDo:groupDo:" : " 9/28/2017 08:54:38",
		"postLoadDoIt" : " 9/28/2017 08:54:38",
		"timestamp" : " 9/28/2017 08:54:38",
		"description:constructor:" : " 9/28/2017 08:54:38",
		"versionNumber" : " 9/28/2017 08:54:38",
		"getTimestamp" : " 9/28/2017 08:54:38",
		"repository:username:password:constructor:" : " 9/28/2017 08:54:38",
		"import:" : " 9/28/2017 08:54:38",
		"postLoadDoIt:" : " 9/28/2017 08:54:38",
		"setPostLoadDoIt:" : " 9/28/2017 08:54:38",
		"createVersion" : " 9/28/2017 08:54:38",
		"versionString" : " 9/28/2017 08:54:38",
		"baseline:with:constructor:" : " 9/28/2017 08:54:38",
		"packages" : " 9/28/2017 08:54:38",
		"import" : " 9/28/2017 08:54:38",
		"versionString:constructor:" : " 9/28/2017 08:54:38",
		"packageNamed:forMap:ifAbsent:" : " 9/28/2017 08:54:38",
		"configMethodBasicOn:last:indent:" : " 9/28/2017 08:54:38",
		"author:constructor:" : " 9/28/2017 08:54:38",
		"preLoadDoIt" : " 9/28/2017 08:54:38",
		"description:" : " 9/28/2017 08:54:38",
		"mergeSpec:" : " 9/28/2017 08:54:38",
		"group:with:constructor:" : " 9/28/2017 08:54:38",
		"setTimestamp:" : " 9/28/2017 08:54:38",
		"resolveToLoadableSpecs:forLoad:map:" : " 9/28/2017 08:54:38",
		"configMethodValueOn:for:selector:last:indent:" : " 9/28/2017 08:54:38",
		"description" : " 9/28/2017 08:54:38",
		"versionString:" : " 9/28/2017 08:54:38",
		"label" : " 9/28/2017 08:54:38",
		"configMethodOn:indent:" : " 9/28/2017 08:54:38",
		"configPackagesSpecMethodOn:indent:" : " 9/28/2017 08:54:38",
		"configMethodOn:for:selector:last:indent:" : " 9/28/2017 08:54:38",
		"repositories:constructor:" : " 9/28/2017 08:54:38",
		"postLoadDoIt:constructor:" : " 9/28/2017 08:54:38",
		"setAuthor:" : " 9/28/2017 08:54:38",
		"repository:constructor:" : " 9/28/2017 08:54:38",
		"blessing:" : " 9/28/2017 08:54:38",
		"packageNamed:" : " 9/28/2017 08:54:38",
		"packagesSpec" : " 9/28/2017 08:54:38",
		"importArray" : " 9/28/2017 08:54:38",
		"configuration:with:constructor:" : " 9/28/2017 08:54:38",
		"import:provides:constructor:" : " 9/28/2017 08:54:38",
		"packageNamed:ifAbsent:" : " 9/28/2017 08:54:38",
		"project:with:constructor:" : " 9/28/2017 08:54:38",
		"setBlessing:" : " 9/28/2017 08:54:38",
		"setPreLoadDoIt:" : " 9/28/2017 08:54:38",
		"isPossibleBaseline" : " 9/28/2017 08:54:38",
		"removeProject:constructor:" : " 9/28/2017 08:54:38",
		"resolveToLoadableSpec:forLoad:forMap:packages:" : " 9/28/2017 08:54:38",
		"configMethodOn:last:indent:" : " 9/28/2017 08:54:38",
		"blessing" : " 9/28/2017 08:54:38",
		"getBlessing" : " 9/28/2017 08:54:38",
		"import:constructor:" : " 9/28/2017 08:54:38"
	},
	"class" : { }
}