{
	"class" : {
		"externalConfigurationSHA" : "9/28/2017 07:09:26",
		"externalCustomIssue181SHA" : "9/28/2017 07:09:26",
		"externalCustomIssue185SHA" : "9/28/2017 07:09:26",
		"externalCustomIssue185SHA1" : "9/28/2017 07:09:26",
		"externalCustomIssue185SHA2" : "9/28/2017 07:09:26",
		"externalCustomIssue185SHA3" : "9/28/2017 07:09:26",
		"externalCustomIssue185SHA4" : "9/28/2017 07:09:26",
		"externalCustomIssue234ShortMasterSHA" : "9/28/2017 07:09:26",
		"externalCustomIssue234ShortSHA" : "9/28/2017 07:09:26",
		"externalCustomSHA" : "9/28/2017 07:09:26",
		"privateExternalPassword" : "ct 10/25/2020 21:36",
		"privateExternalUser" : "ct 10/25/2020 21:21" },
	"instance" : {
		"baselineGithubReferenceIV:" : "9/28/2017 07:09:26",
		"baselineGithubReferenceV:" : "9/28/2017 07:09:26",
		"baselineGithubReferenceVI:" : "9/28/2017 07:09:26",
		"baselineGithubReferenceVII:" : "9/28/2017 07:09:26",
		"baselineGithubReferenceXX:" : "9/28/2017 07:09:26",
		"baselineIssue215:" : "EstebanLorenzano 10/2/2017 09:32",
		"baselineIssue32:" : "9/28/2017 07:09:26",
		"baselineIssue399:" : "EstebanLorenzano 10/2/2017 09:29",
		"configuration091Issue181:" : "9/28/2017 07:09:26",
		"configuration091Issue63:" : "9/28/2017 07:09:26",
		"configuration092Issue181:" : "9/28/2017 07:09:26",
		"configuration092Issue63:" : "9/28/2017 07:09:26",
		"configuration093Issue185:" : "9/28/2017 07:09:26",
		"configuration094Issue185:" : "9/28/2017 07:09:26",
		"configuration095Issue185:" : "9/28/2017 07:09:26",
		"configuration096Issue185:" : "9/28/2017 07:09:26",
		"configuration097Issue185:" : "9/28/2017 07:09:26",
		"configuration098Issue215:" : "EstebanLorenzano 10/2/2017 09:51",
		"configurationExternalRef090:" : "9/28/2017 07:09:26",
		"configurationExternalRef091:" : "9/28/2017 07:09:26",
		"configurationExternalRef092:" : "9/28/2017 07:09:26",
		"configurationGithubReferenceIV:" : "9/28/2017 07:09:26",
		"configurationGithubReferenceV:" : "9/28/2017 07:09:26",
		"configurationGithubReferenceX:" : "9/28/2017 07:09:26",
		"configurationGithubReferenceXX:" : "9/28/2017 07:09:26",
		"configurationGithubReferenceXXX:" : "9/28/2017 07:09:26",
		"configurationRepository" : "9/28/2017 07:09:26",
		"conflictOf10:" : "9/28/2017 07:09:26",
		"conflictOf11:" : "9/28/2017 07:09:26",
		"conflictOf12:" : "9/28/2017 07:09:26",
		"conflictOf20:" : "9/28/2017 07:09:26",
		"conflictOf21:" : "9/28/2017 07:09:26",
		"customProjectAttributes" : "9/28/2017 07:09:26",
		"externalAuthorName" : "9/28/2017 07:09:26",
		"externalBaselineX:" : "9/28/2017 07:09:26",
		"externalBaselineXX:" : "9/28/2017 07:09:26",
		"externalBaselineXXX:" : "9/28/2017 07:09:26",
		"externalRepository" : "9/28/2017 07:09:26",
		"invalidConfiguration10:" : "9/28/2017 07:09:26",
		"invalidConfiguration20:" : "9/28/2017 07:09:26",
		"invalidConfiguration30:" : "9/28/2017 07:09:26",
		"isExternal" : "9/28/2017 07:09:26",
		"isSample" : "9/28/2017 07:09:26",
		"lockConfiguration10:" : "9/28/2017 07:09:26",
		"lockConfiguration11:" : "9/28/2017 07:09:26",
		"lockConfiguration12:" : "9/28/2017 07:09:26",
		"lockConfiguration13:" : "9/28/2017 07:09:26",
		"lockConfiguration14:" : "9/28/2017 07:09:26",
		"lockConfiguration15:" : "EstebanLorenzano 10/2/2017 09:51",
		"postloadDoIt" : "9/28/2017 07:09:26",
		"preloadDoIt" : "9/28/2017 07:09:26",
		"projectClass" : "dkh 07/07/2016 15:14",
		"sampleAuthorName" : "9/28/2017 07:09:26",
		"sampleRepository" : "9/28/2017 07:09:26",
		"setUp" : "dkh 07/08/2016 10:34",
		"setUpBaselineGithubReferenceIV" : "9/28/2017 07:09:26",
		"setUpBaselineGithubReferenceIX" : "9/28/2017 07:09:26",
		"setUpBaselineGithubReferenceV" : "9/28/2017 07:09:26",
		"setUpBaselineGithubReferenceVI" : "9/28/2017 07:09:26",
		"setUpBaselineGithubReferenceVII" : "9/28/2017 07:09:26",
		"setUpBaselineGithubReferenceVIII" : "9/28/2017 07:09:26",
		"setUpBaselineGithubReferenceXI" : "9/28/2017 07:09:26",
		"setUpBaselineGithubReferenceXII" : "9/28/2017 07:09:26",
		"setUpBaselineGithubReferenceXIII" : "9/28/2017 07:09:26",
		"setUpBaselineGithubReferenceXX" : "9/28/2017 07:09:26",
		"setUpBaselineIssue215" : "9/28/2017 07:09:26",
		"setUpBaselineIssue32" : "9/28/2017 07:09:26",
		"setUpBaselineIssue399" : "dkh 07/07/2016 15:15",
		"setUpBaselineIssue399Cypress" : "dkh 07/07/2016 15:15",
		"setUpBaselineOfExternalX" : "9/28/2017 07:09:26",
		"setUpBaselineOfExternalXX" : "9/28/2017 07:09:26",
		"setUpBaselineOfExternalXXX" : "9/28/2017 07:09:26",
		"setUpConfiguration181" : "9/28/2017 07:09:26",
		"setUpConfiguration63" : "9/28/2017 07:09:26",
		"setUpConfigurationExternalRef" : "9/28/2017 07:09:26",
		"setUpConfigurationExternalRefdkh1" : "9/28/2017 07:09:26",
		"setUpConfigurationExternalRefdkh2:" : "9/28/2017 07:09:26",
		"setUpConfigurationIssue32" : "9/28/2017 07:09:26",
		"setUpConfigurationIssue339" : "9/28/2017 07:09:26",
		"setUpConfigurationIssue59" : "9/28/2017 07:09:26",
		"setUpConfigurationIssue84" : "9/28/2017 07:09:26",
		"setUpConfigurationNextedIssue84" : "9/28/2017 07:09:26",
		"setUpConfigurationNextedIssue84dkh1" : "9/28/2017 07:09:26",
		"setUpConfigurationNextedIssue84dkh2:" : "9/28/2017 07:09:26",
		"setUpConfigurationOfConflict" : "9/28/2017 07:09:26",
		"setUpConfigurationOfExternalIV" : "9/28/2017 07:09:26",
		"setUpConfigurationOfExternalX" : "9/28/2017 07:09:26",
		"setUpConfigurationOfExternalXX" : "9/28/2017 07:09:26",
		"setUpConfigurationOfExternalXXX" : "9/28/2017 07:09:26",
		"setUpConfigurationOfExternalXdkh1" : "9/28/2017 07:09:26",
		"setUpConfigurationOfExternalXdkh2:" : "9/28/2017 07:09:26",
		"setUpConfigurationOfExternaldkh1" : "9/28/2017 07:09:26",
		"setUpConfigurationOfExternaldkh2" : "9/28/2017 07:09:26",
		"setUpExternalCore" : "9/28/2017 07:09:26",
		"setUpExternalCoreX" : "9/28/2017 07:09:26",
		"setUpInvalidConfigurations" : "9/28/2017 07:09:26",
		"setUpIssue399" : "dkh 07/08/2016 10:36",
		"setUpIssue399CoreExternaldkh1" : "dkh 07/08/2016 10:17",
		"setUpIssue399CoreSampledkh1" : "dkh 07/08/2016 10:17",
		"setUpIssue399CoreSampledkh2:" : "dkh 07/08/2016 11:13",
		"setUpLockConfigurations" : "9/28/2017 07:09:26",
		"setUpMarianosImage" : "9/28/2017 07:09:26",
		"setUpRepositories" : "9/28/2017 07:09:26",
		"setUpSampleCore" : "9/28/2017 07:09:26",
		"stableVersionOfX:" : "9/28/2017 07:09:26",
		"unstableVersionOfX:" : "9/28/2017 07:09:26",
		"version09Issue32:" : "9/28/2017 07:09:26",
		"version100Issue339:" : "9/28/2017 07:09:26",
		"version10Issue47:" : "9/28/2017 07:09:26",
		"version10Issue59:" : "9/28/2017 07:09:26",
		"version10Issue84:" : "9/28/2017 07:09:26",
		"version10NestedIssue84:" : "9/28/2017 07:09:26",
		"versionNumberClass" : "9/28/2017 07:09:26",
		"versionOfExternal090:" : "9/28/2017 07:09:26",
		"versionOfExternal091:" : "9/28/2017 07:09:26",
		"versionOfIV:" : "9/28/2017 07:09:26",
		"versionOfMariano:" : "9/28/2017 07:09:26",
		"versionOfX090:" : "9/28/2017 07:09:26",
		"versionOfX091:" : "9/28/2017 07:09:26",
		"versionOfXX:" : "9/28/2017 07:09:26",
		"versionOfXXX:" : "9/28/2017 07:09:26" } }
