{
	"instance" : {
		"version51MethodSourceUmbrella" : " 9/28/2017 07:09:26",
		"baseline62Foo:" : " 9/28/2017 07:09:26",
		"baseline60MethodSourceFoo" : " 9/28/2017 07:09:26",
		"version20Foo:" : " 9/28/2017 07:09:26",
		"baseline60MethodSourceProjectIssue86" : " 9/28/2017 07:09:26",
		"postLoad31baseline" : " 9/28/2017 07:09:26",
		"baseline31MethodSourceFan" : " 9/28/2017 07:09:26",
		"project" : " 9/28/2017 07:09:26",
		"baseline60ProjectIssue86:" : " 9/28/2017 07:09:26",
		"setUpConfigurationOfUmbrellaA" : " 9/28/2017 07:09:26",
		"setUpConfigurationOfAtomicFoo" : " 9/28/2017 07:09:26",
		"setUpConfigurationOfUmbrellaB" : " 9/28/2017 07:09:26",
		"version50MethodSourceUmbrella" : " 9/28/2017 07:09:26",
		"projectMethodSource" : " 9/28/2017 07:09:26",
		"version50Foo:" : " 9/28/2017 07:09:26",
		"setUpMonticelloRepository" : " 9/28/2017 07:09:26",
		"postLoad31baselineMethodSource" : " 9/28/2017 07:09:26",
		"baseline61MethodSourceProjectIssue86" : " 9/28/2017 07:09:26",
		"baseline61Foo:" : " 9/28/2017 07:09:26",
		"baseline20Fan:" : " 9/28/2017 07:09:26",
		"baseline20MethodSourceFoo" : " 9/28/2017 07:09:26",
		"version51MethodSourceFoo" : " 9/28/2017 07:09:26",
		"baseline25MethodSourceFoo" : " 9/28/2017 07:09:26",
		"setUpConfigurationOfAtomicFan" : " 9/28/2017 07:09:26",
		"version50Umbrella:" : " 9/28/2017 07:09:26",
		"baseline62ProjectIssue86:" : " 9/28/2017 07:09:26",
		"projectClassMethodSource" : " 9/28/2017 07:09:26",
		"monticelloRepository" : " 9/28/2017 07:09:26",
		"baseline20MethodSourceFan" : " 9/28/2017 07:09:26",
		"baseline62MethodSourceProjectIssue86" : " 9/28/2017 07:09:26",
		"baseline62MethodSourceFoo" : " 9/28/2017 07:09:26",
		"version20MethodSourceFoo" : " 9/28/2017 07:09:26",
		"baseline31Fan:" : " 9/28/2017 07:09:26",
		"version50MethodSourceFoo" : " 9/28/2017 07:09:26",
		"setUpConfigurationOfLinearFoo" : " 9/28/2017 07:09:26",
		"version51Foo:" : " 9/28/2017 07:09:26",
		"baseline60Foo:" : " 9/28/2017 07:09:26",
		"linearProjectMethodSource" : " 9/28/2017 07:09:26",
		"baseline20Foo:" : " 9/28/2017 07:09:26",
		"version51Umbrella:" : " 9/28/2017 07:09:26",
		"baseline61ProjectIssue86:" : " 9/28/2017 07:09:26",
		"setUpConfigurationOfProjectIssue86" : " 9/28/2017 07:09:26",
		"baseline25Foo:" : " 9/28/2017 07:09:26",
		"setUp" : " 9/28/2017 07:09:26",
		"baseline61MethodSourceFoo" : " 9/28/2017 07:09:26"
	},
	"class" : {
		"project" : " 9/28/2017 07:09:26"
	}
}