{
	"class" : {
		 },
	"instance" : {
		"setUpRepositories" : "dkh 7/16/2012 11:59",
		"tearDownPackageList" : "dkh 07/29/2013 21:14",
		"tearDownRepositories" : "topa 9/20/2017 11:05",
		"testGetBlockFilter" : "dkh 7/16/2012 16:59",
		"testGetCollectionFilter" : "dkh 7/16/2012 16:57",
		"testListBlockFilter" : "dkh 7/16/2012 16:46",
		"testListCollectionFilter" : "dkh 7/16/2012 16:46",
		"testLockedFilter" : "dkh 07/25/2013 16:00",
		"validateImageBlockFilter" : "dkh 07/28/2013 09:56",
		"validateImageCollectionFilter" : "dkh 07/28/2013 10:23",
		"validateImageNameFilter" : "dkh 09/04/2014 14:31",
		"validateRegistryBlockFilter" : "dkh 07/28/2013 10:15",
		"validateRegistryCollectionFilter" : "dkh 07/28/2013 10:24",
		"validateRegistryNameFilter" : "dkh 09/04/2014 14:31" } }
