{
	"class" : {
		 },
	"instance" : {
		"baseline10:" : "EstebanLorenzano 10/9/2017 19:52",
		"baseline13:" : "dkh 6/12/2012 10:19:43.983",
		"baseline14:" : "dkh 6/12/2012 10:19:43.983",
		"baseline15:" : "dkh 6/12/2012 10:19:43.983",
		"baseline16:" : "dkh 7/12/2013 07:03",
		"directoryForPlatform" : "EstebanLorenzano 10/9/2017 19:52",
		"project" : "dkh 5/7/2013 19:11",
		"setUp" : "dkh 6/12/2012 10:19:43.983",
		"tearDown" : "topa 9/20/2017 11:04",
		"testAsRepositorySpecFor" : "dkh 6/12/2012 10:19:43.983",
		"testDictionaryRepository" : "dkh 6/12/2012 10:19:43.983",
		"testDirectoryRepository" : "EstebanLorenzano 10/9/2017 19:52",
		"testFileTreeRepository" : "DamienCassou 4/4/2014 15:30",
		"testFtpRepository" : "dkh 6/12/2012 10:19:43.983",
		"testGetGithubRepositoryScriptingAPI" : "ct 11/7/2020 15:48",
		"testGetGithubRepositorySiteCredentials" : "ct 11/7/2020 15:48",
		"testHttpRepository" : "dkh 6/12/2012 10:19:43.983" } }
