{
	"class" : {
		"default" : "tobe 7/23/2020 14:50",
		"deleteAll:" : "12/9/2018 20:41:24",
		"directoryExists:" : "12/9/2018 20:41:24",
		"directoryFromEntry:" : "12/9/2018 20:41:24",
		"directoryFromPath:" : "tobe 7/23/2020 14:50",
		"directoryFromPath:relativeTo:" : "12/9/2018 20:41:24",
		"directoryName:" : "12/9/2018 20:41:24",
		"directoryPathString:" : "12/9/2018 20:41:24",
		"ensureDirectoryExists:" : "12/9/2018 20:41:24",
		"ensureFilePathExists:relativeTo:" : "12/9/2018 20:41:24",
		"fileName:" : "12/9/2018 20:41:24",
		"filePathExists:relativeTo:" : "12/9/2018 20:41:24",
		"initialize" : "12/9/2018 20:41:24",
		"parentDirectoryOf:" : "12/9/2018 20:41:24",
		"pathNameDelimiter" : "tobe 7/23/2020 14:50",
		"readStreamFor:do:" : "12/9/2018 20:41:24",
		"readStreamFor:in:do:" : "12/9/2018 20:41:24",
		"resolvePath:in:" : "12/9/2018 20:41:24",
		"writeStreamFor:in:do:" : "jr 12/9/2018 19:43" },
	"instance" : {
		 } }
