{
	"class" : {
		 },
	"instance" : {
		"tearDownPackageList" : "dkh 6/12/2012 15:41:23.319",
		"tearDownRepositories" : "dkh 10/18/2014 09:26",
		"testExernalX" : "dkh 6/12/2012 15:41:23.319",
		"testExernalXX" : "dkh 10/09/2014 16:53",
		"testExernalXXXa" : "dkh 6/12/2012 15:41:23.319",
		"testExernalXXXb" : "dkh 6/12/2012 15:41:23.319",
		"testGithubRefIV" : "dkh 6/22/2012 18:19",
		"testGithubRefIX" : "dkh 6/22/2012 18:17",
		"testGithubRefV" : "dkh 6/22/2012 18:16",
		"testGithubRefVI" : "dkh 06/29/2013 12:26",
		"testGithubRefXI" : "dkh 6/22/2012 18:16",
		"testGithubRefXII" : "dkh 6/12/2012 15:41:23.319",
		"testGithubRefXIII" : "dkh 6/12/2012 15:41:23.319" } }
