{
	"class" : {
		 },
	"instance" : {
		"tearDownPackageList" : "dkh 7/20/2012 16:37",
		"testBasicBaselineLock" : "dkh 09/19/2014 11:26",
		"testBasicBaselineLockNLockedProjectWarning" : "dkh 09/19/2014 11:31",
		"testBasicBaselineUnlock" : "dkh 09/19/2014 11:39",
		"testBasicLock" : "dkh 09/04/2014 14:29",
		"testBasicLockNLoad" : "dkh 09/25/2015 16:21",
		"testBasicLockNLockedProjectBreak1" : "dkh 09/25/2015 16:21",
		"testBasicLockNLockedProjectBreak2" : "dkh 09/25/2015 16:21",
		"testBasicLockNLockedProjectEnforce1" : "dkh 09/25/2015 16:21",
		"testBasicLockNLockedProjectEnforce2" : "dkh 09/25/2015 16:22",
		"testBasicLockNLockedProjectEnforce3" : "dkh 09/25/2015 16:22",
		"testBasicLockNLockedProjectEnforce4" : "dkh 09/25/2015 16:22",
		"testBasicLockNLockedProjectEnforce5" : "dkh 09/25/2015 16:22",
		"testBasicLockNLockedProjectEnforce6" : "dkh 09/25/2015 16:22",
		"testBasicLockNLockedProjectIssue107a" : "dkh 09/25/2015 16:22",
		"testBasicLockNLockedProjectIssue107b" : "dkh 09/25/2015 16:22",
		"testBasicLockNLockedProjectIssue275a" : "dkh 09/25/2015 16:22",
		"testBasicLockNLockedProjectIssue275b" : "dkh 09/25/2015 16:22",
		"testBasicLockNLockedProjectIssue275c" : "dkh 09/25/2015 16:22",
		"testBasicLockNLockedProjectIssue275d" : "dkh 09/25/2015 16:22",
		"testBasicLockNLockedProjectWarning1" : "dkh 07/25/2013 12:04",
		"testBasicLockNLockedProjectWarning2" : "dkh 07/25/2013 12:04",
		"testBasicLockNUnlockNload" : "dkh 09/25/2015 16:22",
		"testBasicLockedLoad" : "dkh 09/25/2015 16:21",
		"testBasicLockedLoadIssue108a" : "dkh 09/25/2015 16:21",
		"testBasicLockedLoadIssue108b" : "dkh 09/25/2015 16:21",
		"testBasicUnlock" : "dkh 09/04/2014 14:30",
		"testSymbolicLock" : "dkh 09/04/2014 14:30",
		"testSymbolicLockNLoad" : "dkh 09/25/2015 16:22",
		"testSymbolicLockNLockedProjectEnforce1" : "dkh 09/25/2015 16:22",
		"testSymbolicLockNLockedProjectWarning1" : "dkh 07/25/2013 12:05",
		"testSymbolicLockNLockedProjectWarning2" : "dkh 07/25/2013 12:06",
		"testSymbolicLockNUnlockNload" : "dkh 09/25/2015 16:22",
		"testSymbolicLockedLoad" : "dkh 09/25/2015 16:22",
		"testSymbolicUnlock" : "dkh 09/04/2014 14:30" } }
