{
	"instance" : {
		"decrementMinorVersion" : " 9/28/2017 08:54:38",
		"do:separatedBy:" : " 9/28/2017 08:54:38",
		"incrementMinorVersion" : " 9/28/2017 08:54:38",
		"decrementMajorVersion" : " 9/28/2017 08:54:38",
		"incrementMinorVersionNumber" : " 9/28/2017 08:54:38",
		"compareLessThan:" : " 9/28/2017 08:54:38",
		"<" : " 9/28/2017 08:54:38",
		"incrementMajorVersion" : " 9/28/2017 08:54:38",
		"approximateBase" : " 9/28/2017 08:54:38",
		"compareEqualTo:" : " 9/28/2017 08:54:38",
		"do:" : " 9/28/2017 08:54:38",
		"asString" : " 9/28/2017 08:54:38",
		"match:" : " 9/28/2017 08:54:38",
		"versionString" : " 9/28/2017 08:54:38",
		"incrementVersionAt:" : " 9/28/2017 08:54:38",
		"decrementPatchVersion" : " 9/28/2017 08:54:38",
		"copyFrom:to:" : " 9/28/2017 08:54:38",
		"incrementPatchVersion" : " 9/28/2017 08:54:38",
		"hash" : " 9/28/2017 08:54:38",
		"asMetacelloVersionNumber" : " 9/28/2017 08:54:38",
		"decrementVersionAt:" : " 9/28/2017 08:54:38",
		"=" : " 9/28/2017 08:54:38",
		"collapseZeros" : " 9/28/2017 08:54:38",
		"decrementMinorVersionNumber" : " 9/28/2017 08:54:38",
		"printOn:" : " 9/28/2017 08:54:38",
		"~>" : " 9/28/2017 08:54:38"
	},
	"class" : {
		"extractNumericComponent:" : " 9/28/2017 08:54:38",
		"fromString:" : " 9/28/2017 08:54:38"
	}
}