{
	"instance" : {
		"applyArgsToProjectSpec:" : "ct 11/7/2020 14:05",
		"baselineArg" : "9/28/2017 08:54:38",
		"baselineArg:" : "9/28/2017 08:54:38",
		"cacheRepository:" : "9/28/2017 08:54:38",
		"classNameArg" : "9/28/2017 08:54:38",
		"classNameArg:" : "9/28/2017 08:54:38",
		"configurationArg" : "9/28/2017 08:54:38",
		"configurationArg:" : "9/28/2017 08:54:38",
		"execute:" : "9/28/2017 08:54:38",
		"executeBlock:do:" : "9/28/2017 08:54:38",
		"executeCollection:do:" : "9/28/2017 08:54:38",
		"executeString:do:" : "9/28/2017 08:54:38",
		"fetch:" : "9/28/2017 08:54:38",
		"get" : "9/28/2017 08:54:38",
		"ignoreImage:" : "9/28/2017 08:54:38",
		"list" : "9/28/2017 08:54:38",
		"load:" : "9/28/2017 08:54:38",
		"lock" : "9/28/2017 08:54:38",
		"onConflict:" : "9/28/2017 08:54:38",
		"onDowngrade:" : "9/28/2017 08:54:38",
		"onLock:" : "9/28/2017 08:54:38",
		"onUpgrade:" : "9/28/2017 08:54:38",
		"onWarning:" : "9/28/2017 08:54:38",
		"options" : "9/28/2017 08:54:38",
		"passwordArg" : "ct 11/1/2020 21:53",
		"passwordArg:" : "ct 11/1/2020 21:52",
		"projectArg" : "9/28/2017 08:54:38",
		"projectArg:" : "9/28/2017 08:54:38",
		"projectSpecGenerator" : "9/28/2017 08:54:38",
		"projectSpecSelectBlock" : "9/28/2017 08:54:38",
		"record:" : "9/28/2017 08:54:38",
		"register" : "9/28/2017 08:54:38",
		"repositoryArg" : "9/28/2017 08:54:38",
		"repositoryArg:" : "9/28/2017 08:54:38",
		"repositoryOverrides:" : "9/28/2017 08:54:38",
		"roots" : "9/28/2017 08:54:38",
		"silently:" : "9/28/2017 08:54:38",
		"singleRoot" : "9/28/2017 08:54:38",
		"singleRoot:" : "9/28/2017 08:54:38",
		"unlock" : "9/28/2017 08:54:38",
		"unregister" : "9/28/2017 08:54:38",
		"useCurrentVersion:" : "9/28/2017 08:54:38",
		"usernameArg" : "ct 11/1/2020 21:56",
		"usernameArg:" : "ct 11/1/2020 21:57",
		"versionArg" : "9/28/2017 08:54:38",
		"versionArg:" : "9/28/2017 08:54:38"
	},
	"class" : { }
}