{
	"class" : {
		 },
	"instance" : {
		"projectName" : "dkh 09/30/2014 10:34",
		"projectWith:" : "dkh 09/30/2014 11:01",
		"tearDown" : "dkh 09/30/2014 12:42",
		"tearDownPackageNames" : "dkh 09/30/2014 11:44",
		"testIssue206b" : "dkh 09/30/2014 13:41",
		"testIssue206d" : "dkh 09/30/2014 13:00",
		"testIssue206e" : "dkh 09/30/2014 13:00",
		"testIssue206f" : "dkh 09/30/2014 13:01",
		"testIssue283a" : "dkh 09/30/2014 11:18",
		"testIssue283b" : "dkh 09/30/2014 11:18",
		"testIssue283c" : "dkh 09/30/2014 11:19",
		"testIssue283d" : "dkh 09/30/2014 11:19",
		"testIssue283e" : "dkh 09/30/2014 12:30",
		"testIssue283f" : "dkh 10/13/2014 11:58",
		"testIssue283g" : "dkh 10/13/2014 11:59" } }
