{
	"class" : {
		"canReadFileNamed:" : "jr 1/2/2019 00:50",
		"definitionOrders" : "12/9/2018 20:41:24",
		"extension" : "12/9/2018 20:41:24",
		"generatedVersionSuffix" : "jr 1/1/2019 18:54",
		"isAbstract" : "12/9/2018 20:41:24",
		"on:fileName:" : "jr 1/2/2019 00:49" },
	"instance" : {
		"canBeLoaded:" : "12/9/2018 20:41:24",
		"categoriesFrom:" : "12/9/2018 20:41:24",
		"fileUtils" : "12/9/2018 20:41:24",
		"loadDefinitions" : "12/9/2018 20:41:24",
		"loadDependencies" : "12/9/2018 20:41:24",
		"loadPackage" : "12/9/2018 20:41:24",
		"loadVersionInfo" : "jr 1/1/2019 18:55",
		"packageDirectory" : "12/9/2018 20:41:24",
		"packageDirectory:" : "12/9/2018 20:41:24",
		"packageNameFromPackageDirectory" : "12/9/2018 20:41:24" } }
