{
	"instance" : {
		"configMethodOn:indent:" : " 9/28/2017 08:54:38",
		"add:" : " 9/28/2017 08:54:38",
		"slideIn:spec:baseIndex:seen:firstTime:for:" : " 9/28/2017 08:54:38",
		"merge:" : " 9/28/2017 08:54:38",
		"packageSpecsInLoadOrderFor:" : " 9/28/2017 08:54:38",
		"packageNamed:ifAbsent:" : " 9/28/2017 08:54:38",
		"remove:" : " 9/28/2017 08:54:38",
		"sortPackageSpecs:packageSpec:groupLoops:for:" : "EstebanLorenzano 9/29/2017 13:42",
		"copy:to:" : " 9/28/2017 08:54:38",
		"applyIncludesTo:for:firstTime:for:" : " 9/28/2017 08:54:38"
	},
	"class" : { }
}