{
	"class" : {
		 },
	"instance" : {
		"setUpRepositoryContents" : "dkh 05/10/2013 14:48",
		"tearDownPackageList" : "dkh 07/28/2013 10:41",
		"tearDownRepositories" : "tobe 5/7/2020 09:10",
		"testBaselineThenConfigurationConflict" : "dkh 07/28/2013 10:44",
		"testBaselineThenConfigurationCorrect" : "dkh 07/28/2013 10:42",
		"testConfigurationLoadingBaseline" : "dkh 07/28/2013 10:34",
		"testConfigurationThenBaselineMNU" : "dkh 05/11/2013 08:15",
		"testConfigurationThenBaselineNoPreload" : "dkh 05/11/2013 07:38",
		"testIndirectConfigurationLoadingBaseline" : "dkh 05/11/2013 08:55" } }
