{
	"class" : {
		 },
	"instance" : {
		"configurationRepository" : "dkh 6/12/2012 15:41:23.319",
		"hasPackage:" : "dkh 6/12/2012 15:41:23.319",
		"monticelloRepository" : "dkh 6/12/2012 15:41:23.319",
		"project" : "dkh 6/12/2012 15:41:23.319",
		"projectClass" : "dkh 6/12/2012 15:41:23.319",
		"projectName" : "dkh 6/12/2012 15:41:23.319",
		"projectWith:" : "dkh 6/12/2012 15:41:23.319",
		"runCase" : "ChristopheDemarey 4/29/2013 16:31",
		"setUp" : "dkh 10/16/2014 09:56",
		"tearDown" : "topa 9/20/2017 11:03",
		"tearDownPackageNames" : "dkh 6/12/2012 15:41:23.319" } }
