{
	"class" : {
		"on:" : "12/9/2018 20:41:24",
		"parseStream:" : "12/9/2018 20:41:24",
		"parseString:" : "12/9/2018 20:41:24" },
	"instance" : {
		"cleanSelector:" : "jr 12/9/2018 19:44",
		"comment" : "12/9/2018 20:41:24",
		"definitionForType:" : "12/9/2018 20:41:24",
		"document" : "12/9/2018 20:41:24",
		"extractSelector:" : "jr 12/9/2018 19:44",
		"hasStatefulTraits" : "tobe 10/3/2020 12:41",
		"isSeparator:" : "12/9/2018 20:41:24",
		"metadata" : "12/9/2018 20:41:24",
		"method" : "jr 12/9/2018 19:44",
		"methodBody" : "12/9/2018 20:41:24",
		"methodDef" : "12/9/2018 20:41:24",
		"methodDefList" : "12/9/2018 20:41:24",
		"newClassDefinitionFrom:" : "tobe 11/30/2020 09:10",
		"newMethodDefinitionFrom:" : "tobe 11/30/2020 09:04",
		"newStatefulTraitDefinitionFrom:" : "12/9/2018 20:41:24",
		"newStatelessTraitDefinitionFrom:" : "12/9/2018 20:41:24",
		"newTraitDefinitionFrom:" : "12/9/2018 20:41:24",
		"newTypeDefinitionFrom:" : "12/9/2018 20:41:24",
		"removeComments:" : "12/9/2018 20:41:24",
		"separator" : "12/9/2018 20:41:24",
		"start" : "12/9/2018 20:41:24",
		"stream:" : "12/9/2018 20:41:24",
		"try:" : "12/9/2018 20:41:24",
		"try:onFailure:" : "12/9/2018 20:41:24",
		"try:onSuccess:" : "12/9/2018 20:41:24",
		"try:onSuccess:onFailure:" : "12/9/2018 20:41:24",
		"type" : "12/9/2018 20:41:24",
		"typeDef" : "12/9/2018 20:41:24",
		"untilExcluding:" : "12/9/2018 20:41:24",
		"untilIncluding:" : "12/9/2018 20:41:24",
		"validateStatelessTraitIsBeingRead:" : "12/9/2018 20:41:24",
		"word:" : "12/9/2018 20:41:24" } }
