{
	"class" : {
		"current" : "9/28/2017 08:54:38",
		"initialize" : "9/28/2017 08:54:38",
		"select" : "9/28/2017 08:54:38",
		"unselect" : "9/28/2017 08:54:38" },
	"instance" : {
		"authorName" : "9/28/2017 08:54:38",
		"authorName:" : "9/28/2017 08:54:38",
		"bypassGoferLoadUpdateCategories" : "9/28/2017 08:54:38",
		"bypassGoferLoadUpdateCategories:" : "9/28/2017 08:54:38",
		"bypassProgressBars" : "9/28/2017 08:54:38",
		"bypassProgressBars:" : "9/28/2017 08:54:38",
		"clearCurrentVersionCache" : "9/28/2017 08:54:38",
		"clearPackageCache" : "9/28/2017 08:54:38",
		"collection:do:displaying:" : "9/28/2017 08:54:38",
		"confirm:" : "9/28/2017 08:54:38",
		"copyClass:as:inCategory:" : "9/28/2017 08:54:38",
		"createRepository:" : "EstebanLorenzano 9/16/2017 13:02",
		"defaultDirectory" : "9/28/2017 08:54:38",
		"defaultPackageCache" : "9/28/2017 08:54:38",
		"defaultPlatformAttributes" : "9/28/2017 08:54:38",
		"defaultRepositoryDescription" : "9/28/2017 08:54:38",
		"defaultTimeout" : "9/28/2017 08:54:38",
		"deleteFileNamed:" : "TravisCI 7/28/2016 16:01",
		"directoryFromPath:relativeTo:" : "9/28/2017 08:54:38",
		"disableUndefinedSybolUpdates" : "dkh 07/06/2016 14:55",
		"do:displaying:" : "9/28/2017 08:54:38",
		"downloadErrorFileNameFor:" : "9/28/2017 08:54:38",
		"downloadJSON:eTagsCache:eTagsKey:username:pass:" : "9/28/2017 08:54:38",
		"downloadJSON:username:pass:" : "9/28/2017 08:54:38",
		"downloadZipArchive:to:" : "ct 10/12/2020 19:37",
		"downloadZipArchive:to:username:pass:" : "ct 10/12/2020 23:49",
		"ensureDirectoryExists:" : "9/28/2017 08:54:38",
		"extractRepositoryFrom:to:" : "9/28/2017 08:54:38",
		"extractTypeFromDescription:" : "EstebanLorenzano 9/16/2017 11:55",
		"fileDirectoryClass" : "EstebanLorenzano 9/27/2017 17:10",
		"fileHandleOn:" : "9/28/2017 08:54:38",
		"gitBranchNameFor:" : "9/28/2017 08:54:38",
		"gitCommitShaFor:" : "9/28/2017 08:54:38",
		"globalNamed:" : "9/28/2017 08:54:38",
		"globalNamed:ifAbsent:" : "9/28/2017 08:54:38",
		"newVersionForWorkingCopy:" : "9/28/2017 08:54:38",
		"packageInfoFor:" : "9/28/2017 08:54:38",
		"parentDirectoryOf:" : "9/28/2017 08:54:38",
		"primeStackCacheFor:doing:defaultDictionary:" : "dkh 6/5/2012 19:01:24",
		"primeStackCacheWith:doing:" : "9/28/2017 08:54:38",
		"processPID" : "9/28/2017 08:54:38",
		"readStreamOn:do:" : "9/28/2017 08:54:38",
		"recursiveDelete:" : "9/28/2017 08:54:38",
		"reenableUndefinedSybolUpdates:" : "dkh 07/06/2016 14:55",
		"registerPackageNamed:" : "9/28/2017 08:54:38",
		"selectorForPragma:" : "EstebanLorenzano 9/16/2017 13:59",
		"stackCacheFor:at:doing:" : "9/28/2017 08:54:38",
		"stackCacheFor:cacheClass:at:doing:" : "9/28/2017 08:54:38",
		"string:includesSubstring:" : "9/28/2017 08:54:38",
		"suspendSystemUpdateEventsDuring:" : "EstebanLorenzano 9/27/2017 17:11",
		"tempFileFor:suffix:" : "9/28/2017 08:54:38",
		"timestamp" : "9/28/2017 08:54:38",
		"transact:" : "9/28/2017 08:54:38",
		"useStackCacheDuring:defaultDictionary:" : "9/28/2017 08:54:38" } }
