{
	"instance" : {
		"validateProject" : " 9/28/2017 08:54:38",
		"validate" : " 9/28/2017 08:54:38",
		"recordValidationError:versionString:callSite:reasonCode:" : " 9/28/2017 08:54:38",
		"debug" : " 9/28/2017 08:54:38",
		"validateVersionSpec:" : " 9/28/2017 08:54:38",
		"validateProjectVersion:" : " 9/28/2017 08:54:38",
		"recurse:" : " 9/28/2017 08:54:38",
		"validationReport" : " 9/28/2017 08:54:38",
		"visited:" : " 9/28/2017 08:54:38",
		"validateProject:version:" : " 9/28/2017 08:54:38",
		"recordValidationCriticalWarning:versionString:callSite:reasonCode:" : " 9/28/2017 08:54:38",
		"recordValidationWarning:versionString:callSite:reasonCode:" : " 9/28/2017 08:54:38",
		"errorReasonCodes" : " 9/28/2017 08:54:38",
		"recordValidationCriticalWarning:callSite:reasonCode:" : " 9/28/2017 08:54:38",
		"validationReport:" : " 9/28/2017 08:54:38",
		"warningReasonCodes" : " 9/28/2017 08:54:38",
		"validateBaselineProject" : " 9/28/2017 08:54:38",
		"recordValidationError:callSite:reasonCode:" : " 9/28/2017 08:54:38",
		"validateBaselineProject:" : " 9/28/2017 08:54:38",
		"exludededValidations" : " 9/28/2017 08:54:38",
		"debug:" : " 9/28/2017 08:54:38",
		"recordValidationWarning:callSite:reasonCode:" : " 9/28/2017 08:54:38",
		"validateProjectCreationFrom:onError:" : " 9/28/2017 08:54:38",
		"validateBaselineOf" : " 9/28/2017 08:54:38",
		"configurationClass:" : " 9/28/2017 08:54:38",
		"configurationClass" : " 9/28/2017 08:54:38",
		"validatePragmas" : " 9/28/2017 08:54:38",
		"validateProject:" : " 9/28/2017 08:54:38",
		"recurse" : " 9/28/2017 08:54:38",
		"visited" : " 9/28/2017 08:54:38",
		"extractExcludedValidations" : " 9/28/2017 08:54:38",
		"criticalWarningReasonCodes" : " 9/28/2017 08:54:38",
		"validateBaselineVersionSpec:" : " 9/28/2017 08:54:38",
		"validateDoIts:versionString:errorMessage:" : " 9/28/2017 08:54:38",
		"validateVersionSpecForSymbolicVersion:symbolicVersion:" : " 9/28/2017 08:54:38"
	},
	"class" : {
		"validateProject:version:debug:" : " 9/28/2017 08:54:38",
		"reasonCodeDescriptions" : " 9/28/2017 08:54:38",
		"validateBaseline:" : " 9/28/2017 08:54:38",
		"populateReasonCodeDescriptions" : " 9/28/2017 08:54:38",
		"validateConfiguration:debug:recurse:" : " 9/28/2017 08:54:38",
		"validateConfiguration:recurse:" : " 9/28/2017 08:54:38",
		"validateBaseline:debug:recurse:" : " 9/28/2017 08:54:38",
		"validateProject:debug:recurse:" : " 9/28/2017 08:54:38",
		"descriptionForReasonCode:" : " 9/28/2017 08:54:38",
		"validateConfiguration:" : " 9/28/2017 08:54:38",
		"validateProject:recurse:" : " 9/28/2017 08:54:38",
		"validateProject:version:debug:recurse:visited:" : " 9/28/2017 08:54:38",
		"validateBaseline:recurse:" : " 9/28/2017 08:54:38",
		"validateProject:version:" : " 9/28/2017 08:54:38",
		"validateProject:version:debug:recurse:" : " 9/28/2017 08:54:38",
		"validateProject:" : " 9/28/2017 08:54:38"
	}
}